PERMNO,PERMCO,DATE,PRC,VOL,RET,SHROUT,RETX
12490,20990,20111230,183.88000,1034552,-0.021915,1178618,-0.021915
12490,20990,20111130,188.00000,970323,0.022315,1178618,0.018253
12490,20990,20111031,184.63000,1444888,0.055813,1178618,0.055813
12490,20990,20110930,174.87000,1379477,0.017218,1194278,0.017218
12490,20990,20110831,171.91000,1950862,-0.050536,1194278,-0.054660
12490,20990,20110729,181.85001,1136104,0.060041,1194278,0.060041
12490,20990,20110630,171.55000,1054599,0.015509,1211200,0.015509
12490,20990,20110531,168.92999,1108756,-0.005276,1211200,-0.009673
12490,20990,20110429,170.58000,1008491,0.046054,1211200,0.046054
12490,20990,20110331,163.07001,1297991,0.007351,1219536,0.007351
12490,20990,20110228,161.88000,891022,0.003272,1219536,-0.000741
12490,20990,20110131,162.00000,1188537,0.103843,1242361,0.103843
12490,20990,20101231,146.75999,934126,0.037466,1242361,0.037466
12490,20990,20101130,141.46001,1041291,-0.010376,1242361,-0.014903
12490,20990,20101029,143.60001,1373597,0.070523,1242361,0.070523
12490,20990,20100930,134.14000,1161902,0.089418,1242361,0.089418
12490,20990,20100831,123.13000,1174205,-0.035981,1261278,-0.041044
12490,20990,20100730,128.39999,1440941,0.039844,1261278,0.039844
12490,20990,20100630,123.48000,1620390,-0.014210,1282348,-0.014210
12490,20990,20100528,125.26000,1884720,-0.023953,1282348,-0.028992
12490,20990,20100430,129.00000,1464423,0.005848,1282348,0.005848
12490,20990,20100331,128.25000,1400578,0.008572,1299003,0.008572
12490,20990,20100226,127.16000,1132326,0.043468,1299003,0.038974
12490,20990,20100129,122.39000,1561372,-0.065011,1313603,-0.065011
12490,20990,20091231,130.89999,1246612,0.036011,1313603,0.036011
12490,20990,20091130,126.35000,1178212,0.052152,1313603,0.047591
12490,20990,20091030,120.61000,1837168,0.008361,1313603,0.008361
12490,20990,20090930,119.61000,1315370,0.013215,1310884,0.013215
12490,20990,20090831,118.05000,1125574,0.005681,1310884,0.001018
12490,20990,20090731,117.93000,1762527,0.129381,1310884,0.129381
12490,20990,20090630,104.42000,1605214,-0.017501,1320000,-0.017501
12490,20990,20090529,106.28000,1531058,0.035074,1321397,0.029745
12490,20990,20090430,103.21000,2137517,0.065229,1321397,0.065229
12490,20990,20090331,96.89000,2861506,0.052809,1341678,0.052809
12490,20990,20090227,92.03000,2230417,0.009602,1341678,0.004146
12490,20990,20090130,91.65000,2090213,0.088997,1340000,0.088997
12490,20990,20081231,84.16000,1890815,0.031373,1343458,0.031373
12490,20990,20081128,81.60000,2185038,-0.116919,1343458,-0.122298
12490,20990,20081031,92.97000,3150692,-0.205113,1343458,-0.205113
12490,20990,20080930,116.96000,2184843,-0.039185,1354840,-0.039185
12490,20990,20080829,121.73000,1370374,-0.044929,1354840,-0.048836
12490,20990,20080731,127.98000,2008968,0.079727,1354840,0.079727
12490,20990,20080630,118.53000,1523498,-0.084215,1373479,-0.084215
12490,20990,20080530,129.42999,1595242,0.076471,1373479,0.072328
12490,20990,20080430,120.70000,1921528,0.048289,1373479,0.048289
12490,20990,20080331,115.14000,1799561,0.011242,1384331,0.011242
12490,20990,20080229,113.86000,1682894,0.066754,1385200,0.063019
12490,20990,20080131,107.11000,2476835,-0.009158,1377955,-0.009158
12490,20990,20071231,108.10000,1341877,0.027762,1377955,0.027762
12490,20990,20071130,105.18000,2012356,-0.090768,1377955,-0.094213
12490,20990,20071031,116.12000,1716686,-0.014261,1377955,-0.014261
12490,20990,20070928,117.80000,1322426,0.009512,1360407,0.009512
12490,20990,20070831,116.69000,2028032,0.058202,1360407,0.054587
12490,20990,20070731,110.65000,2127592,0.051306,1360407,0.051306
12490,20990,20070629,105.25000,1696650,-0.012664,1484827,-0.012664
12490,20990,20070531,106.60000,1466071,0.046864,1484827,0.042951
12490,20990,20070430,102.21000,1668675,0.084341,1484827,0.084341
12490,20990,20070330,94.26000,1634895,0.014203,1505529,0.014203
12490,20990,20070228,92.94000,1257950,-0.059607,1505529,-0.062632
12490,20990,20070131,99.15000,1928647,0.020587,1506352,0.020587
12490,20990,20061229,97.15000,1045510,0.056897,1506352,0.056897
12490,20990,20061130,91.92000,1044366,-0.001191,1506352,-0.004441
12490,20990,20061031,92.33000,1705206,0.126800,1506352,0.126800
12490,20990,20060929,81.94000,1030279,0.011980,1521839,0.011980
12490,20990,20060831,80.97000,1008665,0.049864,1521839,0.045989
12490,20990,20060731,77.41000,1372659,0.007680,1521839,0.007680
12490,20990,20060630,76.82000,1395323,-0.038548,1550395,-0.038548
12490,20990,20060531,79.90000,1132364,-0.025990,1550395,-0.029633
12490,20990,20060428,82.34000,1140213,-0.001576,1550395,-0.001576
12490,20990,20060331,82.47000,1118107,0.027792,1567313,0.027792
12490,20990,20060228,80.24000,1110585,-0.010578,1570000,-0.013038
12490,20990,20060131,81.30000,1465532,-0.010949,1570000,-0.010949
12490,20990,20051230,82.20000,1203340,-0.075366,1579517,-0.075366
12490,20990,20051130,88.90000,1108741,0.088178,1579517,0.085735
12490,20990,20051031,81.88000,1413377,0.020693,1579517,0.020693
12490,20990,20050930,80.22000,1156901,-0.004962,1595791,-0.004962
12490,20990,20050831,80.62000,1050638,-0.031632,1595791,-0.034028
12490,20990,20050729,83.46000,1571802,0.124798,1595791,0.124798
12490,20990,20050630,74.20000,1377932,-0.017869,1613321,-0.017869
12490,20990,20050531,75.55000,1389057,-0.008248,1613321,-0.010867
12490,20990,20050429,76.38000,2175501,-0.164150,1613321,-0.164150
12490,20990,20050331,91.38000,1075088,-0.012962,1632629,-0.012962
12490,20990,20050228,92.58000,802581,-0.007065,1632629,-0.008992
12490,20990,20050131,93.42000,1148066,-0.052343,1664697,-0.052343
12490,20990,20041231,98.58000,1082497,0.046053,1664697,0.046053
12490,20990,20041130,94.24000,1149965,0.052033,1664697,0.050028
12490,20990,20041029,89.75000,1186598,0.046769,1664697,0.046769
12490,20990,20040930,85.74000,938557,0.012398,1675192,0.012398
12490,20990,20040831,84.69000,917984,-0.025267,1675192,-0.027334
12490,20990,20040730,87.07000,1211733,-0.012252,1675192,-0.012252
12490,20990,20040630,88.15000,921248,-0.004967,1685371,-0.004967
12490,20990,20040528,88.59000,1047088,0.006805,1685371,0.004764
12490,20990,20040430,88.17000,1106471,-0.039961,1699416,-0.039961
12490,20990,20040331,91.84000,1246275,-0.048290,1699416,-0.048290
12490,20990,20040227,96.50000,976373,-0.025899,1720423,-0.027512
12490,20990,20040130,99.23000,1394776,0.070673,1720423,0.070673
12490,20990,20031231,92.68000,1160672,0.023636,1720423,0.023636
12490,20990,20031128,90.54000,979976,0.013634,1720423,0.011846
12490,20990,20031031,89.48000,1560667,0.013019,1730181,0.013019
12490,20990,20030930,88.33000,1720752,0.077064,1730181,0.077064
12490,20990,20030829,82.01000,1138646,0.011323,1730181,0.009354
12490,20990,20030731,81.25000,1537447,-0.015152,1730000,-0.015152
12490,20990,20030630,82.50000,1876926,-0.062926,1728000,-0.062926
12490,20990,20030530,88.04000,1495874,0.038869,1728000,0.036985
12490,20990,20030430,84.90000,1779942,0.082494,1722600,0.082494
12490,20990,20030331,78.43000,1920509,0.006158,1722600,0.006158
12490,20990,20030228,77.95000,1456822,-0.001279,1690088,-0.003197
12490,20990,20030131,78.20000,1941591,0.009032,1690088,0.009032
12490,20990,20021231,77.50000,1516404,-0.108375,1690088,-0.108375
12490,20990,20021129,86.92000,1844365,0.102990,1690088,0.101089
12490,20990,20021031,78.94000,2859479,0.353799,1694323,0.353799
12490,20990,20020930,58.31000,1856629,-0.226453,1694323,-0.226453
12490,20990,20020830,75.38000,1661002,0.072869,1694323,0.070739
12490,20990,20020731,70.40000,2462339,-0.022222,1711889,-0.022222
12490,20990,20020628,72.00000,1909721,-0.105034,1711889,-0.105034
12490,20990,20020531,80.45000,1727341,-0.037727,1711889,-0.039518
12490,20990,20020430,83.76000,2465020,-0.194615,1723200,-0.194615
12490,20990,20020328,104.00000,1518659,0.059927,1723200,0.059927
12490,20990,20020228,98.12000,1723812,-0.089258,1722642,-0.090555
12490,20990,20020131,107.89000,1935412,-0.108052,1722642,-0.108052
12490,20990,20011231,120.96000,1334960,0.046457,1722642,0.046457
12490,20990,20011130,115.59000,1351395,0.070880,1722642,0.069584
12490,20990,20011031,108.07000,2244650,0.178260,1736660,0.178260
12490,20990,20010928,91.72000,1893088,-0.082341,1736660,-0.082341
12490,20990,20010831,99.95000,1434130,-0.048665,1736660,-0.049995
12490,20990,20010731,105.21000,1609928,-0.068938,1737418,-0.068938
12490,20990,20010629,113.00000,1429350,0.010733,1737418,0.010733
12490,20990,20010531,111.80000,1593936,-0.027792,1737418,-0.029008
12490,20990,20010430,115.14000,2262675,0.197130,1760804,0.197130
12490,20990,20010330,96.18000,2545545,-0.037237,1760804,-0.037237
12490,20990,20010228,99.90000,1564325,-0.106875,1754380,-0.108036
12490,20990,20010131,112.00000,1989212,0.317647,1754380,0.317647
12490,20990,20001229,85.00000,1676664,-0.090909,1754380,-0.090909
12490,20990,20001130,93.50000,1304095,-0.049442,1760705,-0.050761
12490,20990,20001031,98.50000,2234124,-0.124444,1760705,-0.124444
12490,20990,20000929,112.50000,1060442,-0.147727,1760705,-0.147727
12490,20990,20000831,132.00000,1194174,0.175142,1760705,0.173986
12490,20990,20000731,112.43750,1480914,0.026241,1772837,0.026241
12490,20990,20000630,109.56250,1347798,0.020373,1772837,0.020373
12490,20990,20000531,107.37500,1235645,-0.035830,1772837,-0.036996
12490,20990,20000428,111.50000,1667510,-0.055085,1793761,-0.055085
12490,20990,20000331,118.00000,1942860,0.148418,1793761,0.148418
12490,20990,20000229,102.75000,1335241,-0.083563,1802604,-0.084633
12490,20990,20000131,112.25000,1751160,0.040556,1802604,0.040556
12490,20990,19991231,107.87500,1586028,0.046695,1802604,0.046695
12490,20990,19991130,103.06250,2151380,0.050204,1802604,0.048982
12490,20990,19991029,98.25000,3052981,-0.188017,1809090,-0.188017
12490,20990,19990930,121.00000,1482965,-0.028600,1809090,-0.028600
12490,20990,19990831,124.56250,1282619,-0.007996,1809090,-0.008951
12490,20990,19990730,125.68750,1327260,-0.027563,1814836,-0.027563
12490,20990,19990630,129.25000,1310763,0.114224,1814836,0.114224
12490,20990,19990528,116.00000,1145921,0.110200,1814836,0.109053
12490,20990,19990430,209.18750,1336862,0.180183,920651,0.180183
12490,20990,19990331,177.25000,1153453,0.044183,915907,0.044183
12490,20990,19990226,169.75000,1015391,-0.072469,915907,-0.073670
12490,20990,19990129,183.25000,1233427,-0.006102,922852,-0.006102
12490,20990,19981231,184.37500,710132,0.116578,922852,0.116578
12490,20990,19981130,165.12500,688374,0.113434,922852,0.111953
12490,20990,19981030,148.50000,1241452,0.155642,933063,0.155642
12490,20990,19980930,128.50000,956562,0.140954,933063,0.140954
12490,20990,19980831,112.62500,936537,-0.148340,933063,-0.150000
12490,20990,19980731,132.50000,867767,0.154056,942902,0.154056
12490,20990,19980630,114.81250,733623,-0.022872,942902,-0.022872
12490,20990,19980529,117.50000,758622,0.015922,942902,0.014024
12490,20990,19980430,115.87500,879843,0.115523,956659,0.115523
12490,20990,19980331,103.87500,806247,-0.005386,972171,-0.005386
12490,20990,19980227,104.43750,711760,0.059620,972171,0.057595
12490,20990,19980130,98.75000,965588,-0.056153,972171,-0.056153
12490,20990,19971231,104.62500,929718,-0.044521,972171,-0.044521
12490,20990,19971128,109.50000,737360,0.113706,982261,0.111675
12490,20990,19971031,98.50000,1151571,-0.070755,982261,-0.070755
12490,20990,19970930,106.00000,854344,0.045623,982261,0.045623
12490,20990,19970829,101.37500,778318,-0.039480,982261,-0.041371
12490,20990,19970731,105.75000,1042137,0.171745,999154,0.171745
12490,20990,19970630,90.25000,836624,0.043353,999154,0.043353
12490,20990,19970530,86.50000,790840,0.080374,999154,0.077882
12490,20990,19970430,160.50000,816173,0.169399,507981,0.169399
12490,20990,19970331,137.25000,696665,-0.045217,517546,-0.045217
12490,20990,19970228,143.75000,774225,-0.081434,517546,-0.083665
12490,20990,19970131,156.87500,1038006,0.035479,517546,0.035479
12490,20990,19961231,151.50000,675918,-0.049412,517546,-0.049412
12490,20990,19961129,159.37500,724414,0.238178,527494,0.235465
12490,20990,19961031,129.00000,592041,0.036145,527494,0.036145
12490,20990,19960930,124.50000,532950,0.088525,527494,0.088525
12490,20990,19960830,114.37500,469835,0.067209,527494,0.063953
12490,20990,19960731,107.50000,756868,0.085859,539671,0.085859
12490,20990,19960628,99.00000,580861,-0.072600,543804,-0.072600
12490,20990,19960531,106.75000,563703,-0.006032,543804,-0.009281
12490,20990,19960430,107.75000,923548,-0.031461,543804,-0.031461
12490,20990,19960329,111.25000,828534,-0.092762,568723,-0.092762
12490,20990,19960229,122.62500,853742,0.132488,568723,0.130184
12490,20990,19960131,108.50000,1017599,0.187414,568723,0.187414
12490,20990,19951229,91.37500,595818,-0.054334,558315,-0.054334
12490,20990,19951130,96.62500,556546,-0.003856,568723,-0.006427
12490,20990,19951031,97.25000,827779,0.029101,568723,0.029101
12490,20990,19950929,94.50000,972918,-0.085852,568723,-0.085852
12490,20990,19950831,103.37500,701064,-0.048220,568723,-0.050517
12490,20990,19950731,108.87500,756679,0.134115,580664,0.134115
12490,20990,19950630,96.00000,669339,0.032258,580669,0.032258
12490,20990,19950531,93.00000,649873,-0.014531,580669,-0.017173
12490,20990,19950428,94.62500,559183,0.152207,584225,0.152207
12490,20990,19950331,82.12500,639464,0.091362,587172,0.091362
12490,20990,19950228,75.25000,351868,0.046794,587172,0.043328
12490,20990,19950131,72.12500,524947,-0.018707,587172,-0.018707
12490,20990,19941230,73.50000,405081,0.038869,587172,0.038869
12490,20990,19941130,70.75000,459932,-0.046980,587172,-0.050336
12490,20990,19941031,74.50000,544028,0.070018,584864,0.070018
12490,20990,19940930,69.62500,456737,0.016423,584864,0.016423
12490,20990,19940831,68.50000,603560,0.111111,583126,0.107071
12490,20990,19940729,61.87500,550546,0.053191,583126,0.053191
12490,20990,19940630,58.75000,449530,-0.067460,583126,-0.067460
12490,20990,19940531,63.00000,479437,0.100000,581386,0.095652
12490,20990,19940429,57.50000,533971,0.052632,578418,0.052632
12490,20990,19940331,54.62500,617271,0.033097,578418,0.033097
12490,20990,19940228,52.87500,372062,-0.059735,578418,-0.064159
12490,20990,19940131,56.50000,535187,0.000000,578418,0.000000
12490,20990,19931231,56.50000,492274,0.048724,578418,0.048724
12490,20990,19931130,53.87500,675668,0.176630,571045,0.171196
12490,20990,19931029,46.00000,455378,0.095238,571045,0.095238
12490,20990,19930930,42.00000,359290,-0.081967,571045,-0.081967
12490,20990,19930831,45.75000,351779,0.033708,571644,0.028090
12490,20990,19930730,44.50000,515467,-0.098734,571644,-0.098734
12490,20990,19930630,49.37500,364805,-0.063981,571644,-0.063981
12490,20990,19930528,52.75000,378208,0.095938,571644,0.084833
12490,20990,19930430,48.62500,412135,-0.044226,571644,-0.044226
12490,20990,19930331,50.87500,522789,-0.064368,571644,-0.064368
12490,20990,19930226,54.37500,489580,0.066311,571117,0.055825
12490,20990,19930129,51.50000,777954,0.022333,571117,0.022333
12490,20990,19921231,50.37500,981875,-0.261905,571117,-0.261905
12490,20990,19921130,68.25000,489274,0.038654,570725,0.020561
12490,20990,19921030,66.87500,646488,-0.171827,570725,-0.171827
12490,20990,19920930,80.75000,335693,-0.067821,570725,-0.067821
12490,20990,19920831,86.62500,303202,-0.072982,570725,-0.085752
12490,20990,19920731,94.75000,358976,-0.031928,570725,-0.031928
12490,20990,19920630,97.87500,365829,0.078512,570725,0.078512
12490,20990,19920529,90.75000,282535,0.013333,571609,0.000000
12490,20990,19920430,90.75000,385365,0.086826,571609,0.086826
12490,20990,19920331,83.50000,335122,-0.038849,571609,-0.038849
12490,20990,19920228,86.87500,273800,-0.021278,571609,-0.034722
12490,20990,19920131,90.00000,371527,0.011236,571609,0.011236
12490,20990,19911231,89.00000,466943,-0.037838,571609,-0.037838
12490,20990,19911129,92.50000,291235,-0.046209,572138,-0.058524
12490,20990,19911031,98.25000,304786,-0.051870,572138,-0.051870
12490,20990,19910930,103.62500,292930,0.069677,572138,0.069677
12490,20990,19910830,96.87500,318665,-0.031259,571391,-0.043210
12490,20990,19910731,101.25000,288996,0.042471,571391,0.042471
12490,20990,19910628,97.12500,373357,-0.084806,571391,-0.084806
12490,20990,19910531,106.12500,361113,0.042087,571391,0.030340
12490,20990,19910430,103.00000,410071,-0.095499,571391,-0.095499
12490,20990,19910328,113.87500,445684,-0.115534,571391,-0.115534
12490,20990,19910228,128.75000,401402,0.025325,571053,0.015779
12490,20990,19910131,126.75000,437320,0.121681,571053,0.121681
12490,20990,19901231,113.00000,276417,-0.005501,571053,-0.005501
12490,20990,19901130,113.62500,352294,0.089775,572849,0.078292
12490,20990,19901031,105.37500,402971,-0.009401,572849,-0.009401
12490,20990,19900928,106.37500,294558,0.044172,572849,0.044172
12490,20990,19900831,101.87500,413880,-0.075471,574700,-0.086323
12490,20990,19900731,111.50000,300463,-0.051064,574700,-0.051064
12490,20990,19900629,117.50000,295034,-0.020833,574700,-0.020833
12490,20990,19900531,120.00000,373132,0.112018,574700,0.100917
12490,20990,19900430,109.00000,274796,0.027091,574700,0.027091
12490,20990,19900330,106.12500,320796,0.021661,574700,0.021661
12490,20990,19900228,103.87500,334592,0.065501,578847,0.053232
12490,20990,19900131,98.62500,391088,0.047809,578847,0.047809
12490,20990,19891229,94.12500,323817,-0.035851,578847,-0.035851
12490,20990,19891130,97.62500,305779,-0.014115,578776,-0.026185
12490,20990,19891031,100.25000,425215,-0.082380,578776,-0.082380
12490,20990,19890929,109.25000,320776,-0.067236,578776,-0.067236
12490,20990,19890831,117.12500,371114,0.029000,589741,0.018478
12490,20990,19890731,115.00000,265384,0.027933,589741,0.027933
12490,20990,19890630,111.87500,362312,0.020525,589741,0.020525
12490,20990,19890531,109.62500,342686,-0.027763,592127,-0.038377
12490,20990,19890428,114.00000,278827,0.044674,592127,0.044674
12490,20990,19890331,109.12500,413896,-0.101852,592127,-0.101852
12490,20990,19890228,121.50000,286975,-0.061435,592127,-0.069856
12490,20990,19890131,130.62500,326834,0.071795,592127,0.071795
12490,20990,19881230,121.87500,228407,0.028481,592127,0.028481
12490,20990,19881130,118.50000,259024,-0.024669,591940,-0.033639
12490,20990,19881031,122.62500,290684,0.062839,591940,0.062839
12490,20990,19880930,115.37500,268295,0.034753,591940,0.034753
12490,20990,19880831,111.50000,292206,-0.104573,597052,-0.113320
12490,20990,19880729,125.75000,295225,-0.012758,597052,-0.012758
12490,20990,19880630,127.37500,392476,0.132222,597052,0.132222
12490,20990,19880531,112.50000,210373,0.001985,597052,-0.007718
12490,20990,19880429,113.37500,321692,0.053426,597052,0.053426
12490,20990,19880331,107.62500,348494,-0.084043,597052,-0.084043
12490,20990,19880229,117.50000,349878,0.055395,604462,0.045606
12490,20990,19880129,112.37500,403463,-0.027056,604462,-0.027056
12490,20990,19871231,115.50000,362255,0.042889,604462,0.042889
12490,20990,19871130,110.75000,347604,-0.086939,605923,-0.095918
12490,20990,19871030,122.50000,672785,-0.187396,605923,-0.187396
12490,20990,19870930,150.75000,492936,-0.104677,605923,-0.104677
12490,20990,19870831,168.37500,473577,0.052640,605923,0.045807
12490,20990,19870731,161.00000,325581,-0.009231,605923,-0.009231
12490,20990,19870630,162.50000,347136,0.015625,605923,0.015625
12490,20990,19870529,160.00000,378590,0.006089,605923,-0.000781
12490,20990,19870430,160.12500,563798,0.066611,605923,0.066611
12490,20990,19870331,150.12500,393597,0.076165,605923,0.076165
12490,20990,19870227,139.50000,363693,0.092039,605923,0.083495
12490,20990,19870130,128.75000,502887,0.072917,605923,0.072917
12490,20990,19861231,120.00000,336227,-0.056047,605923,-0.056047
12490,20990,19861128,127.12500,276343,0.037209,615600,0.028311
12490,20990,19861031,123.62500,427314,-0.080855,615600,-0.080855
12490,20990,19860930,134.50000,406242,-0.030631,615600,-0.030631
12490,20990,19860829,138.75000,286417,0.055472,615600,0.047170
12490,20990,19860731,132.50000,376649,-0.095563,615600,-0.095563
12490,20990,19860630,146.50000,236238,-0.038556,615600,-0.038556
12490,20990,19860530,152.37500,332714,-0.017760,615418,-0.024800
12490,20990,19860430,156.25000,359027,0.031353,615418,0.031353
12490,20990,19860331,151.50000,394949,0.004143,615418,0.004143
12490,20990,19860228,150.87500,316256,0.003135,615418,-0.004125
12490,20990,19860131,151.50000,318924,-0.025723,614837,-0.025723
12490,20990,19851231,155.50000,286461,0.112701,614837,0.112701
12490,20990,19851129,139.75000,272732,0.084504,612686,0.076035
12490,20990,19851031,129.87500,264709,0.048436,612686,0.048436
12490,20990,19850930,123.87500,231134,-0.021718,612686,-0.021718
12490,20990,19850830,126.62500,170326,-0.027783,612686,-0.036156
12490,20990,19850731,131.37500,277849,0.061616,612686,0.061616
12490,20990,19850628,123.75000,297726,-0.037901,612686,-0.037901
12490,20990,19850531,128.62500,249373,0.025494,612686,0.016798
12490,20990,19850430,126.50000,196062,-0.003937,612686,-0.003937
12490,20990,19850329,127.00000,256829,-0.052239,612686,-0.052239
12490,20990,19850228,134.00000,229797,-0.009349,612686,-0.017415
12490,20990,19850131,136.37500,326625,0.107614,612686,0.107614
12490,20990,19841231,123.12500,222156,0.011294,612686,0.011294
12490,20990,19841130,121.75000,218781,-0.023069,610834,-0.023069
12490,20990,19841031,124.62500,233555,0.011871,610834,0.003018
12490,20990,19840928,124.25000,197993,0.004040,610834,0.004040
12490,20990,19840831,123.75000,308349,0.127314,610725,0.117381
12490,20990,19840731,110.75000,180277,0.047281,610725,0.047281
12490,20990,19840629,105.75000,291283,-0.018561,610725,-0.018561
12490,20990,19840531,107.75000,222494,-0.044396,610725,-0.052747
12490,20990,19840430,113.75000,204251,-0.002193,610725,-0.002193
12490,20990,19840330,114.00000,227385,0.034014,610725,0.034014
12490,20990,19840229,110.25000,279567,-0.025630,610725,-0.033954
12490,20990,19840131,114.12500,287915,-0.064549,610725,-0.064549
12490,20990,19831230,122.00000,191233,0.039404,610725,0.039404
12490,20990,19831130,117.37500,222927,-0.066469,607550,-0.073964
12490,20990,19831031,126.75000,249215,-0.000985,607550,-0.000985
12490,20990,19830930,126.87500,189602,0.061715,607550,0.061715
12490,20990,19830831,119.50000,172292,0.000623,605520,-0.007269
12490,20990,19830729,120.37500,163711,0.001040,605520,0.001040
12490,20990,19830630,120.25000,162552,0.080899,605520,0.080899
12490,20990,19830531,111.25000,139142,-0.041026,602406,-0.049145
12490,20990,19830429,117.00000,181873,0.149877,602406,0.149877
12490,20990,19830331,101.75000,176947,0.027778,602406,0.027778
12490,20990,19830228,99.00000,170555,0.009962,602406,0.001264
12490,20990,19830131,98.87500,208069,0.027273,602406,0.027273
12490,20990,19821231,96.25000,217862,0.112717,602406,0.112717
12490,20990,19821130,86.50000,182655,0.093709,596970,0.082942
12490,20990,19821029,79.87500,246243,0.088586,596970,0.088586
12490,20990,19820930,73.37500,221006,0.040780,596970,0.040780
12490,20990,19820831,70.50000,215841,0.087390,594890,0.074286
12490,20990,19820730,65.62500,186969,0.082474,594890,0.082474
12490,20990,19820630,60.62500,149486,-0.014228,594890,-0.014228
12490,20990,19820528,61.50000,105749,-0.029416,592294,-0.042802
12490,20990,19820430,64.25000,155031,0.075314,592294,0.075314
12490,20990,19820331,59.75000,169427,-0.034343,592294,-0.034343
12490,20990,19820226,61.87500,128598,-0.013988,592293,-0.027505
12490,20990,19820129,63.62500,186004,0.118681,592293,0.118681
12490,20990,19811231,56.87500,131862,0.043578,592293,0.043578
12490,20990,19811130,54.50000,111914,0.074951,590585,0.058252
12490,20990,19811030,51.50000,130974,-0.048499,587775,-0.048499
12490,20990,19810930,54.12500,100312,-0.018141,587775,-0.018141
12490,20990,19810831,55.12500,83267,-0.002494,583807,-0.017817
12490,20990,19810731,56.12500,83172,-0.030238,583807,-0.030238
12490,20990,19810630,57.87500,112211,-0.014894,583807,-0.014894
12490,20990,19810529,58.75000,116679,0.016802,583807,0.002132
12490,20990,19810430,58.62500,161199,-0.060120,583807,-0.060120
12490,20990,19810331,62.37500,107634,-0.029183,583807,-0.029183
12490,20990,19810227,64.25000,79247,0.011417,583807,-0.001942
12490,20990,19810130,64.37500,111119,-0.051565,583807,-0.051565
12490,20990,19801231,67.87500,117773,-0.003670,583807,-0.003670
12490,20990,19801128,68.12500,115195,0.035422,583410,0.022514
12490,20990,19801031,66.62500,139046,0.038986,583410,0.038986
12490,20990,19800930,64.12500,110484,-0.020992,583410,-0.020992
12490,20990,19800829,65.50000,95038,0.017011,583410,0.003831
12490,20990,19800731,65.25000,102875,0.110638,583410,0.110638
12490,20990,19800630,58.75000,105602,0.060948,583595,0.060948
12490,20990,19800530,55.37500,99983,0.024784,583595,0.009112
12490,20990,19800430,54.87500,105813,-0.015695,583595,-0.015695
12490,20990,19800331,55.75000,125048,-0.122047,583595,-0.122047
12490,20990,19800229,63.50000,99699,-0.062149,583595,-0.074681
12490,20990,19800131,68.62500,124079,0.066019,583595,0.066019
12490,20990,19791231,64.37500,66334,-0.013410,583595,-0.013410
12490,20990,19791130,65.25000,84723,0.059880,583521,0.046092
12490,20990,19791031,62.37500,114818,-0.079336,583521,-0.079336
12490,20990,19790928,67.75000,88737,-0.032143,583521,-0.032143
12490,20990,19790831,70.00000,92145,0.015914,583240,0.003584
12490,20990,19790731,69.75000,87888,-0.049404,583240,-0.049404
12490,20990,19790629,73.37500,79090,-0.034539,583240,-0.034539
12490,20990,19790531,304.00000,18791,-0.021671,145810,-0.032617
12490,20990,19790430,314.25000,21646,-0.003962,145810,-0.003962
12490,20990,19790330,315.50000,21113,0.051667,145810,0.051667
12490,20990,19790228,300.00000,17334,-0.017198,145810,-0.028340
12490,20990,19790131,308.75000,29922,0.034338,145810,0.034338
12490,20990,19781229,298.50000,28749,0.107607,145810,0.107607
12490,20990,19781130,269.50000,24847,0.030766,145730,0.019868
12490,20990,19781031,264.25000,28254,-0.046029,145730,-0.046029
12490,20990,19780929,277.00000,20588,-0.050964,145730,-0.050964
12490,20990,19780831,291.87500,31374,0.048950,146424,0.038701
12490,20990,19780731,281.00000,24617,0.092323,146424,0.092323
12490,20990,19780630,257.25000,23252,-0.003872,146424,-0.003872
12490,20990,19780531,258.25000,24274,-0.018308,146424,-0.029135
12490,20990,19780428,266.00000,37745,0.129512,147471,0.129512
12490,20990,19780331,235.50000,31204,-0.062687,147471,-0.062687
12490,20990,19780228,251.25000,17409,-0.042825,147471,-0.053672
12490,20990,19780131,265.50000,24493,-0.029250,147471,-0.029250
12490,20990,19771230,273.50000,20005,0.035985,147471,0.035985
12490,20990,19771130,264.00000,22747,0.035957,148121,0.026239
12490,20990,19771031,257.25000,16677,-0.014368,148121,-0.014368
12490,20990,19770930,261.00000,14146,-0.027480,148121,-0.027480
12490,20990,19770831,268.37500,14166,0.010256,148535,0.000932
12490,20990,19770729,268.12500,17029,0.015625,148535,0.015625
12490,20990,19770630,264.00000,20740,0.075356,148535,0.075356
12490,20990,19770531,245.50000,19118,-0.041546,148535,-0.051208
12490,20990,19770429,258.75000,23030,-0.064195,148535,-0.064195
12490,20990,19770331,276.50000,23683,0.001812,148535,0.001812
12490,20990,19770228,276.00000,16095,0.011807,150467,0.002725
12490,20990,19770131,275.25000,20280,-0.013883,150467,-0.013883
12490,20990,19761231,279.12500,17071,0.029982,150467,0.029982
12490,20990,19761130,271.00000,16296,0.005520,150467,-0.002760
12490,20990,19761029,271.75000,21136,-0.034207,150467,-0.034207
12490,20990,19760930,281.37500,15334,0.028323,150467,0.028323
12490,20990,19760831,273.62500,12508,0.013780,150467,0.005512
12490,20990,19760730,272.12500,16117,-0.016712,150467,-0.016712
12490,20990,19760630,276.75000,17507,0.078422,150467,0.078422
12490,20990,19760528,256.62500,11791,0.019734,150467,0.012827
12490,20990,19760430,253.37500,17719,-0.032920,148447,-0.032920
12490,20990,19760331,262.00000,15251,0.024939,148447,0.024939
12490,20990,19760227,255.62500,15448,-0.001455,148447,-0.008244
12490,20990,19760130,257.75000,22923,0.149387,148447,0.149387
12490,20990,19751231,224.25000,12738,-0.009387,148447,-0.009387
12490,20990,19751128,226.37500,12513,0.074794,148447,0.066549
12490,20990,19751031,212.25000,19632,0.127490,148447,0.127490
12490,20990,19750930,188.25000,11640,0.010738,148447,0.010738
12490,20990,19750829,186.25000,10989,-0.011827,148447,-0.021025
12490,20990,19750731,190.25000,14859,-0.089713,148447,-0.089713
12490,20990,19750630,209.00000,11854,-0.027907,148447,-0.027907
12490,20990,19750530,215.00000,14472,0.031566,148447,0.024419
12490,20990,19750430,209.87500,15654,0.015729,148259,0.015729
12490,20990,19750331,206.62500,14145,-0.041183,148259,-0.041183
12490,20990,19750228,215.50000,19001,0.152722,148259,0.144754
12490,20990,19750131,188.25000,21779,0.120536,145214,0.120536
12490,20990,19741231,168.00000,12787,-0.052186,145214,-0.052186
12490,20990,19741129,177.25000,13228,-0.054858,145214,-0.062789
12490,20990,19741031,189.12500,18817,0.189465,145214,0.189465
12490,20990,19740930,159.00000,16028,-0.171875,145214,-0.171875
12490,20990,19740830,192.00000,12639,-0.040298,145214,-0.047737
12490,20990,19740731,201.62500,10371,-0.052291,145214,-0.052291
12490,20990,19740628,212.75000,6888,0.001176,145214,0.001176
12490,20990,19740531,212.50000,7312,-0.059274,145214,-0.064906
12490,20990,19740430,227.25000,7206,-0.036055,145214,-0.036055
12490,20990,19740329,235.75000,7723,-0.008933,145214,-0.008933
12490,20990,19740228,237.87500,6247,-0.024852,145214,-0.030071
12490,20990,19740131,245.25000,9956,-0.006079,145214,-0.006079
12490,20990,19731231,246.75000,9882,-0.068868,145214,-0.068868
12490,20990,19731130,265.00000,9364,-0.050419,145214,-0.054416
12490,20990,19731031,280.25000,13425,0.086240,145214,0.086240
12490,20990,19730928,258.00000,14909,-0.142857,145214,-0.142857
12490,20990,19730831,301.00000,7209,-0.039364,145214,-0.042925
12490,20990,19730731,314.50000,9581,-0.007886,145214,-0.007886
12490,20990,19730629,317.00000,8232,0.007149,145214,0.007149
12490,20990,19730531,314.75000,9908,-0.032261,145214,-0.035692
12490,20990,19730430,408.00000,6727,-0.054461,116171,-0.054461
12490,20990,19730330,431.50000,7499,0.000000,116171,0.000000
12490,20990,19730228,431.50000,7211,-0.005970,116171,-0.009185
12490,20990,19730131,435.50000,9451,0.083333,116171,0.083333
12490,20990,19721229,402.00000,6163,0.028133,116171,0.028133
12490,20990,19721130,391.00000,6494,0.017769,114996,0.014267
12490,20990,19721031,385.50000,9990,-0.051661,114996,-0.051661
12490,20990,19720929,406.50000,4676,-0.004896,114996,-0.004896
12490,20990,19720831,408.50000,7424,0.022707,114996,0.019339
12490,20990,19720731,400.75000,5698,0.022321,114996,0.022321
12490,20990,19720630,392.00000,4666,-0.014456,114996,-0.014456
12490,20990,19720531,397.75000,6655,0.033938,114996,0.030440
12490,20990,19720428,386.00000,5652,0.009810,114996,0.009810
12490,20990,19720330,382.25000,6782,0.037313,114996,0.037313
12490,20990,19720229,368.50000,5001,0.005027,114996,0.001359
12490,20990,19720131,368.00000,9500,0.093611,114996,0.093611
12490,20990,19711231,336.50000,8718,0.101473,114996,0.101473
12490,20990,19711130,305.50000,6677,0.020965,113984,0.016639
12490,20990,19711029,300.50000,7319,-0.010700,113984,-0.010700
12490,20990,19710930,303.75000,6411,-0.000822,113984,-0.000822
12490,20990,19710831,304.00000,8517,0.048240,113984,0.043777
12490,20990,19710730,291.25000,11212,-0.081230,113984,-0.081230
12490,20990,19710630,317.00000,10583,-0.030581,113984,-0.030581
12490,20990,19710528,327.00000,6429,-0.082320,113984,-0.085954
12490,20990,19710430,357.75000,8290,0.000699,113984,0.000699
12490,20990,19710331,357.50000,6137,0.062407,113984,0.062407
12490,20990,19710226,336.50000,5582,0.037788,113984,0.033794
12490,20990,19710129,325.50000,6955,0.024390,113984,0.024390
12490,20990,19701231,317.75000,7930,0.034174,113984,0.034174
12490,20990,19701130,307.25000,6999,0.045068,113718,0.045068
12490,20990,19701030,294.00000,6590,0.011825,113718,0.007712
12490,20990,19700930,291.75000,8567,0.095775,113718,0.095775
12490,20990,19700831,266.25000,11108,0.055500,113718,0.055500
12490,20990,19700731,252.25000,9092,0.013800,113718,0.009000
12490,20990,19700630,250.00000,10261,-0.100719,113718,-0.100719
12490,20990,19700529,278.00000,14845,-0.063087,113718,-0.067114
12490,20990,19700430,298.00000,9354,-0.119645,113718,-0.119645
12490,20990,19700331,338.50000,7994,-0.005143,113718,-0.005143
12490,20990,19700227,340.25000,6151,0.018494,113718,0.014914
12490,20990,19700130,335.25000,7896,-0.080247,113718,-0.080247
12490,20990,19691231,364.50000,5783,0.021008,113718,0.021008
12490,20990,19691128,357.00000,4170,-0.006935,112968,-0.009709
12490,20990,19691031,360.50000,6105,0.044171,112968,0.044171
12490,20990,19690930,345.25000,5180,0.000725,112968,0.000725
12490,20990,19690829,345.00000,5866,0.066256,112968,0.063174
12490,20990,19690731,324.50000,8654,-0.039230,112968,-0.039230
12490,20990,19690630,337.75000,4978,0.058777,112968,0.058777
12490,20990,19690529,319.00000,3625,-0.025000,112968,-0.027439
12490,20990,19690430,328.00000,3866,0.044586,112968,0.044586
12490,20990,19690328,314.00000,3905,0.070303,112968,0.070303
12490,20990,19690228,293.37500,4757,-0.007004,112968,-0.009705
12490,20990,19690131,296.25000,7598,-0.059524,112968,-0.059524
12490,20990,19681231,315.00000,4261,-0.056180,112968,-0.056180
12490,20990,19681129,333.75000,5444,0.087134,112228,0.087134
12490,20990,19681031,307.00000,8821,-0.081642,112228,-0.083582
12490,20990,19680930,335.00000,3106,0.000000,112228,0.000000
12490,20990,19680830,335.00000,3688,-0.009151,112228,-0.011070
12490,20990,19680730,338.75000,4697,-0.042403,112228,-0.042403
12490,20990,19680628,353.75000,5324,-0.009104,112228,-0.009104
12490,20990,19680531,357.00000,3941,0.055793,112228,0.053875
12490,20990,19680430,677.50000,2779,0.106122,56114,0.106122
12490,20990,19680329,612.50000,2979,0.056034,56114,0.056034
12490,20990,19680229,580.00000,2655,-0.022204,56114,-0.024390
12490,20990,19680131,594.50000,2596,-0.051834,56114,-0.051834
12490,20990,19671229,627.00000,1627,0.024510,56114,0.024510
12490,20990,19671130,612.00000,2371,0.033024,55809,0.031171
12490,20990,19671031,593.50000,1638,0.082535,55809,0.082535
12490,20990,19670929,548.25000,1765,0.097049,55809,0.097049
12490,20990,19670831,499.75000,1409,-0.013589,55809,-0.015756
12490,20990,19670731,507.75000,1562,0.020603,55809,0.020603
12490,20990,19670630,497.50000,2405,0.067024,55809,0.067024
12490,20990,19670531,466.25000,1990,-0.035234,55809,-0.037450
12490,20990,19670428,496.50000,2047,0.100887,54448,0.100887
12490,20990,19670331,451.00000,1763,0.048837,54448,0.048837
12490,20990,19670228,430.00000,1690,0.079099,54448,0.076345
12490,20990,19670131,399.50000,2660,0.075370,54448,0.075370
12490,20990,19661230,371.50000,1744,-0.011968,54448,-0.011968
12490,20990,19661130,376.00000,2519,0.135843,54157,0.132530
12490,20990,19661031,332.00000,2866,0.045669,54157,0.045669
12490,20990,19660930,317.50000,2511,-0.009360,54157,-0.009360
12490,20990,19660831,320.50000,2608,-0.056200,54157,-0.059428
12490,20990,19660729,340.75000,1508,-0.027817,54157,-0.027817
12490,20990,19660630,350.50000,3440,-0.029680,54157,-0.029680
12490,20990,19660531,362.75000,2210,-0.021031,52836,-0.023991
12490,20990,19660429,557.50000,1224,0.080426,35224,0.080426
12490,20990,19660331,516.00000,1527,0.001942,35224,0.001942
12490,20990,19660228,515.00000,1359,0.041331,35224,0.038306
12490,20990,19660131,496.00000,2112,-0.006012,35224,-0.006012
12490,20990,19651231,499.00000,2157,-0.049524,35224,-0.049524
12490,20990,19651130,525.00000,763,-0.012195,35048,-0.015009
12490,20990,19651029,533.00000,1180,0.040000,35048,0.040000
12490,20990,19650930,512.50000,1214,0.027054,35048,0.027054
12490,20990,19650831,499.00000,1563,0.044885,35048,0.041754
12490,20990,19650730,479.00000,1322,0.045852,35048,0.045852
12490,20990,19650630,458.00000,2418,-0.041841,35048,-0.041841
12490,20990,19650528,478.00000,953,-0.011340,35048,-0.014433
12490,20990,19650430,485.00000,1071,0.067694,35048,0.067694
12490,20990,19650331,454.25000,1206,-0.003291,35048,-0.003291
12490,20990,19650226,455.75000,1328,0.019509,35048,0.016165
12490,20990,19650129,448.50000,1887,0.095238,35048,0.095238
12490,20990,19641231,409.50000,1401,-0.007273,35048,-0.007273
12490,20990,19641130,412.50000,1416,-0.014881,34740,-0.017857
12490,20990,19641030,420.00000,1270,-0.037801,34740,-0.037801
12490,20990,19640930,436.50000,1973,-0.009081,34740,-0.009081
12490,20990,19640831,440.50000,1930,-0.043831,34740,-0.046537
12490,20990,19640731,462.00000,1551,-0.031447,34740,-0.031447
12490,20990,19640630,477.00000,1442,-0.006250,34740,-0.006250
12490,20990,19640528,480.00000,1646,0.054910,34740,0.052170
12490,20990,19640430,570.25000,1714,-0.040387,27792,-0.040387
12490,20990,19640331,594.25000,1573,0.044376,27792,0.044376
12490,20990,19640228,569.00000,1517,0.052122,27792,0.049815
12490,20990,19640131,542.00000,2983,0.069034,27792,0.069034
12490,20990,19631231,507.00000,1746,0.044822,27792,0.044822
12490,20990,19631129,485.25000,1675,-0.015182,27678,-0.017713
12490,20990,19631031,494.00000,3267,0.092920,27678,0.092920
12490,20990,19630930,452.00000,2423,0.016301,27678,0.016301
12490,20990,19630830,444.75000,1860,0.025892,27678,0.023590
12490,20990,19630731,434.50000,2243,-0.004011,27678,-0.004011
12490,20990,19630628,436.25000,1723,-0.085909,27678,-0.085909
12490,20990,19630531,477.25000,1528,0.031267,27678,0.029111
12490,20990,19630430,463.75000,2437,0.101544,27678,0.101544
12490,20990,19630329,421.00000,1628,0.053158,27678,0.053158
12490,20990,19630228,399.75000,1766,-0.054277,27678,-0.056637
12490,20990,19630131,423.75000,3814,0.086538,27678,0.086538
12490,20990,19621231,390.00000,2929,-0.021330,27678,-0.021330
12490,20990,19621130,398.50000,4898,0.153902,27678,0.151734
12490,20990,19621031,346.00000,5738,-0.021216,27678,-0.021216
12490,20990,19620928,353.50000,4436,-0.107886,27678,-0.107886
12490,20990,19620831,396.25000,4735,0.025840,27678,0.023902
12490,20990,19620731,387.00000,5483,0.140752,27678,0.140752
12490,20990,19620629,339.25000,9136,-0.135669,27561,-0.135669
12490,20990,19620531,392.50000,6586,-0.133811,27561,-0.135463
12490,20990,19620430,454.00000,1713,-0.147818,27561,-0.147818
12490,20990,19620330,532.75000,725,-0.007914,27561,-0.007914
12490,20990,19620228,537.00000,776,-0.007841,27561,-0.009225
12490,20990,19620131,542.00000,1181,-0.063903,27561,-0.063903
12490,20990,19611229,579.00000,912,-0.001724,27561,-0.001724
12490,20990,19611130,580.00000,962,-0.011745,27465,-0.012766
12490,20990,19611031,587.50000,1248,0.092007,27465,0.092007
12490,20990,19610929,538.00000,1075,0.035611,27465,0.035611
12490,20990,19610831,519.50000,1108,0.067967,27465,0.066735
12490,20990,19610731,487.00000,921,0.024185,27465,0.024185
12490,20990,19610630,475.50000,1202,-0.026612,27465,-0.026612
12490,20990,19610531,488.50000,1295,0.027521,27465,0.026261
12490,20990,19610428,714.00000,746,0.027338,18310,0.027338
12490,20990,19610330,695.00000,986,0.029630,18310,0.029630
12490,20990,19610228,675.00000,618,0.062500,18310,0.061321
12490,20990,19610131,636.00000,1049,0.072513,18310,0.072513
12490,20990,19601230,593.00000,676,0.064632,18310,0.064632
12490,20990,19601130,557.00000,698,0.091487,18268,0.090020
12490,20990,19601031,511.00000,864,-0.009690,18268,-0.009690
12490,20990,19600930,516.00000,702,-0.037313,18268,-0.037313
12490,20990,19600831,536.00000,745,0.023356,18268,0.021926
12490,20990,19600729,524.50000,658,0.004789,18268,0.004789
12490,20990,19600630,522.00000,749,0.035714,18268,0.035714
12490,20990,19600531,504.00000,857,0.115470,18268,0.113812
12490,20990,19600429,452.50000,611,0.030752,18268,0.030752
12490,20990,19600331,439.00000,1140,0.050239,18268,0.050239
12490,20990,19600229,418.00000,787,0.006611,18268,0.004808
12490,20990,19600129,416.00000,642,-0.050770,18268,-0.050770
12490,20990,19591231,438.25000,702,0.005161,18268,0.005161
12490,20990,19591130,436.00000,823,0.067482,18218,0.066015
12490,20990,19591030,409.00000,788,-0.006075,18218,-0.006075
12490,20990,19590930,411.50000,822,-0.030624,18218,-0.030624
12490,20990,19590831,424.50000,711,-0.007009,18218,-0.008178
12490,20990,19590731,428.00000,716,-0.044643,18218,-0.044643
12490,20990,19590630,448.00000,1149,-0.046809,18218,-0.046809
12490,20990,19590529,470.00000,847,0.204352,18218,0.203072
12490,20990,19590430,586.00000,634,0.079190,12145,0.079190
12490,20990,19590331,543.00000,582,0.026465,12145,0.026465
12490,20990,19590227,529.00000,588,0.058771,12145,0.057471
12490,20990,19590130,500.25000,694,-0.064953,12145,-0.064953
12490,20990,19581231,535.00000,552,0.226790,12145,0.226790
12490,20990,19581128,447.00000,487,0.029080,11841,0.027586
12490,20990,19581031,435.00000,782,0.066176,11841,0.066176
12490,20990,19580930,408.00000,616,0.096774,11841,0.096774
12490,20990,19580829,372.00000,582,0.008525,11841,0.006766
12490,20990,19580731,369.50000,752,0.001355,11841,0.001355
12490,20990,19580630,369.00000,656,0.058065,11841,0.058065
12490,20990,19580529,348.75000,653,-0.004558,11841,-0.006410
12490,20990,19580430,351.00000,770,0.014451,11841,0.014451
12490,20990,19580331,346.00000,676,0.053272,11841,0.053272
12490,20990,19580228,328.50000,785,0.023795,11841,0.021773
12490,20990,19580131,321.50000,699,0.054098,11841,0.054098
12490,20990,19571231,305.00000,598,0.008468,11841,0.008468
12490,20990,19571129,310.00000,747,0.040536,11552,0.038526
12490,20990,19571031,298.50000,1558,-0.006656,11552,-0.006656
12490,20990,19570930,300.50000,729,-0.049051,11552,-0.049051
12490,20990,19570830,316.00000,1488,-0.059138,11552,-0.060921
12490,20990,19570731,336.50000,782,0.016616,11552,0.016616
12490,20990,19570628,331.00000,1720,0.123939,11552,0.123939
12490,20990,19570531,294.50000,1073,0.059732,11552,0.057634
12490,20990,19570430,572.00000,182,0.101059,5251,0.101059
12490,20990,19570329,519.50000,159,0.021632,5251,0.021632
12490,20990,19570228,508.50000,267,-0.016409,5251,-0.018340
12490,20990,19570131,518.00000,130,-0.040741,5251,-0.040741
12490,20990,19561231,540.00000,163,0.106557,5251,0.106557
12490,20990,19561130,488.00000,136,0.047109,5250,0.044968
12490,20990,19561031,467.00000,240,0.030905,5250,0.030905
12490,20990,19560928,453.00000,150,-0.065015,5250,-0.065015
12490,20990,19560831,484.50000,100,-0.057282,5250,-0.059223
12490,20990,19560731,515.00000,127,0.052094,5250,0.052094
12490,20990,19560629,489.50000,205,0.139697,5250,0.139697
12490,20990,19560531,429.50000,191,0.015330,5250,0.012972
12490,20990,19560430,530.00000,107,0.070707,4200,0.070707
12490,20990,19560329,495.00000,226,0.210269,4200,0.210269
12490,20990,19560229,409.00000,603,0.051282,4200,0.048718
12490,20990,19560131,390.00000,228,-0.032258,4200,-0.032258
12490,20990,19551230,403.00000,157,0.040491,4200,0.040491
12490,20990,19551130,397.00000,152,0.047368,4098,0.044737
12490,20990,19551031,380.00000,135,-0.042821,4098,-0.042821
12490,20990,19550930,397.00000,170,-0.017327,4098,-0.017327
12490,20990,19550831,404.00000,82,-0.039146,4098,-0.041518
12490,20990,19550729,-421.50000,117,0.015663,4098,0.015663
12490,20990,19550630,415.00000,186,-0.007177,4098,-0.007177
12490,20990,19550531,418.00000,133,-0.021028,4098,-0.023364
12490,20990,19550429,428.00000,116,0.078086,4098,0.078086
12490,20990,19550331,397.00000,201,0.067204,4098,0.067204
12490,20990,19550228,372.00000,103,0.004038,4098,0.001346
12490,20990,19550131,371.50000,163,0.026243,4098,0.026243
12490,20990,19541231,362.00000,151,-0.017639,4098,-0.017639
12490,20990,19541130,368.50000,114,0.186196,4098,0.182986
12490,20990,19541029,311.50000,129,0.063140,4098,0.063140
12490,20990,19540930,293.00000,79,0.035336,4098,0.035336
12490,20990,19540831,283.00000,110,-0.048576,4098,-0.051926
12490,20990,19540730,298.50000,91,-0.005000,4098,-0.005000
12490,20990,19540630,300.00000,103,0.048951,4098,0.048951
12490,20990,19540528,286.00000,150,0.067708,4098,0.063988
12490,20990,19540430,336.00000,113,0.005988,3278,0.005988
12490,20990,19540331,334.00000,136,0.232472,3278,0.232472
12490,20990,19540226,271.00000,76,0.044146,3278,0.040307
12490,20990,19540129,260.50000,81,0.054656,3278,0.054656
12490,20990,19531231,247.00000,87,0.057098,3278,0.057098
12490,20990,19531130,239.50000,64,0.032189,3198,0.027897
12490,20990,19531030,233.00000,100,0.008658,3198,0.008658
12490,20990,19530930,231.00000,76,-0.029412,3198,-0.029412
12490,20990,19530831,238.00000,33,-0.004167,3198,-0.008333
12490,20990,19530731,240.00000,52,0.033369,3198,0.033369
12490,20990,19530630,-232.25000,59,-0.030271,3198,-0.030271
12490,20990,19530529,239.50000,60,0.050218,3198,0.045852
12490,20990,19530430,229.00000,92,-0.049793,3198,-0.049793
12490,20990,19530331,241.00000,102,0.014737,3198,0.014737
12490,20990,19530227,237.50000,121,0.028017,3198,0.023707
12490,20990,19530130,232.00000,107,-0.013815,3198,-0.013815
12490,20990,19521231,235.25000,118,0.073967,3198,0.073967
12490,20990,19521128,230.00000,94,0.071926,3046,0.067285
12490,20990,19521031,215.50000,56,0.021327,3046,0.021327
12490,20990,19520930,211.00000,40,-0.019744,3046,-0.019744
12490,20990,19520829,215.25000,47,-0.008028,3046,-0.012615
12490,20990,19520731,218.00000,108,-0.004566,3046,-0.004566
12490,20990,19520630,219.00000,72,0.095000,3046,0.095000
12490,20990,19520529,200.00000,116,0.060686,3046,0.055409
12490,20990,19520430,189.50000,95,-0.013021,3046,-0.013021
12490,20990,19520331,192.00000,124,0.007874,3046,0.007874
12490,20990,19520229,190.50000,108,-0.048447,3046,-0.053416
12490,20990,19520131,201.25000,115,-0.032895,3046,-0.032895
12490,20990,19511231,218.50000,75,0.071078,2901,0.071078
12490,20990,19511130,204.00000,102,0.009852,2901,0.004926
12490,20990,19511031,203.00000,93,-0.064516,2901,-0.064516
12490,20990,19510928,217.00000,55,-0.020316,2901,-0.020316
12490,20990,19510831,221.50000,47,0.039720,2901,0.035047
12490,20990,19510731,214.00000,64,0.070000,2901,0.070000
12490,20990,19510629,200.00000,48,-0.017199,2901,-0.017199
12490,20990,19510531,203.50000,76,-0.002439,2901,-0.007317
12490,20990,19510430,205.00000,80,0.006135,2901,0.006135
12490,20990,19510331,-203.75000,85,-0.018072,2901,-0.018072
12490,20990,19510228,207.50000,82,-0.041379,2901,-0.045977
12490,20990,19510131,217.50000,158,0.057292,2901,0.057292
12490,20990,19501230,216.00000,77,0.017668,2763,0.017668
12490,20990,19501130,-212.25000,77,0.010664,2764,0.005924
12490,20990,19501031,211.00000,91,-0.009390,2764,-0.009390
12490,20990,19500929,213.00000,44,0.028986,2764,0.028986
12490,20990,19500831,207.00000,76,0.094737,2764,0.089474
12490,20990,19500731,190.00000,164,-0.095238,2764,-0.095238
12490,20990,19500630,210.00000,86,-0.098712,2764,-0.098712
12490,20990,19500531,233.00000,101,0.021834,2764,0.017467
12490,20990,19500429,229.00000,68,-0.019272,2764,-0.019272
12490,20990,19500331,233.50000,82,0.037778,2764,0.037778
12490,20990,19500228,225.00000,74,-0.008772,2764,-0.013158
12490,20990,19500131,228.00000,71,0.054626,2764,0.054626
12490,20990,19491231,227.00000,1620,0.176166,2632,0.176166
12490,20990,19491130,193.00000,92,-0.013977,2632,-0.019060
12490,20990,19491031,196.75000,84,0.117898,2632,0.117898
12490,20990,19490930,176.00000,76,0.060241,2632,0.060241
12490,20990,19490831,166.00000,76,0.000000,2632,-0.005988
12490,20990,19490729,167.00000,49,0.102310,2632,0.102310
12490,20990,19490630,151.50000,111,-0.047170,2632,-0.047170
12490,20990,19490531,159.00000,78,0.000000,2632,-0.006250
12490,20990,19490430,-160.00000,78,0.030596,2632,0.030596
12490,20990,19490331,155.25000,53,0.048986,2632,0.048986
12490,20990,19490228,148.00000,76,-0.047923,2632,-0.054313
12490,20990,19490131,156.50000,40,0.053365,2632,0.053365
12490,20990,19481231,156.00000,67,0.049622,2507,0.049622
12490,20990,19481130,148.62500,64,-0.028409,2506,-0.034903
12490,20990,19481030,154.00000,54,0.080702,2506,0.080702
12490,20990,19480930,142.50000,38,-0.048414,2506,-0.048414
12490,20990,19480831,149.75000,37,0.084532,2506,0.077338
12490,20990,19480730,139.00000,62,-0.047945,2506,-0.047945
12490,20990,19480630,146.00000,74,0.000000,2506,0.000000
12490,20990,19480528,146.00000,101,0.038869,2506,0.031802
12490,20990,19480430,141.50000,85,0.007117,2506,0.007117
12490,20990,19480331,140.50000,91,0.048507,2506,0.048507
12490,20990,19480228,-134.00000,65,0.078767,2506,0.070776
12490,20990,19480131,-219.00000,57,-0.087500,1432,-0.087500
12490,20990,19471231,240.00000,36,0.057560,1432,0.057560
12490,20990,19471129,-226.93750,44,0.055139,1432,0.048210
12490,20990,19471031,216.50000,45,0.011682,1432,0.011682
12490,20990,19470930,214.00000,20,0.002342,1432,0.002342
12490,20990,19470829,-213.50000,13,0.000000,1432,-0.006977
12490,20990,19470731,215.00000,28,0.043689,1432,0.043689
12490,20990,19470630,-206.00000,17,0.030000,1432,0.030000
12490,20990,19470529,200.00000,36,0.041344,1432,0.033592
12490,20990,19470430,193.50000,36,-0.071942,1432,-0.071942
12490,20990,19470331,208.50000,29,-0.011848,1432,-0.011848
12490,20990,19470228,211.00000,27,-0.038462,1432,-0.045249
12490,20990,19470131,221.00000,30,0.051755,1432,0.051755
12490,20990,19461231,210.12500,39,0.009610,1432,0.009610
12490,20990,19461130,208.12500,14,0.002990,1436,-0.004187
12490,20990,19461031,209.00000,40,-0.009479,1436,-0.009479
12490,20990,19460930,211.00000,58,-0.082609,1436,-0.082609
12490,20990,19460830,230.00000,19,-0.062753,1436,-0.068826
12490,20990,19460731,247.00000,30,0.012295,1436,0.012295
12490,20990,19460628,-244.00000,30,-0.016129,1436,-0.016129
12490,20990,19460531,248.00000,38,0.048319,1436,0.042017
12490,20990,19460430,-238.00000,26,0.125296,1436,0.125296
12490,20990,19460330,-211.50000,23,0.057500,1436,0.057500
12490,20990,19460228,200.00000,44,0.033333,1436,0.025641
12490,20990,19460131,195.00000,51,0.024160,1436,0.024160
12490,20990,19451231,238.00000,19,-0.018557,1149,-0.018557
12490,20990,19451130,-242.50000,44,0.099099,1149,0.092342
12490,20990,19451031,222.00000,38,0.104478,1149,0.104478
12490,20990,19450929,201.00000,55,0.041451,1149,0.041451
12490,20990,19450831,193.00000,19,0.014342,1149,0.006519
12490,20990,19450731,191.75000,16,0.005242,1149,0.005242
12490,20990,19450630,190.75000,27,-0.015484,1149,-0.015484
12490,20990,19450531,193.75000,28,0.044118,1149,0.036096
12490,20990,19450430,-187.00000,39,0.044693,1149,0.044693
12490,20990,19450331,-179.00000,19,-0.008997,1149,-0.008997
12490,20990,19450228,-180.62500,31,0.049712,1149,0.041066
12490,20990,19450131,173.50000,35,-0.015270,1149,-0.015270
12490,20990,19441230,185.00000,21,0.006803,1094,0.006803
12490,20990,19441130,-183.75000,31,0.064655,1094,0.056034
12490,20990,19441031,174.00000,29,-0.036011,1094,-0.036011
12490,20990,19440930,-180.50000,36,0.006974,1094,0.006974
12490,20990,19440831,-179.25000,23,0.037675,1094,0.029064
12490,20990,19440731,-174.18750,18,0.012718,1094,0.012718
12490,20990,19440630,172.00000,29,0.005848,1094,0.005848
12490,20990,19440531,171.00000,28,0.013960,1094,0.005143
12490,20990,19440429,170.12500,19,-0.009461,1094,-0.009461
12490,20990,19440331,-171.75000,24,0.108065,1094,0.108065
12490,20990,19440229,155.00000,26,-0.021875,1094,-0.031250
12490,20990,19440131,160.00000,23,-0.028902,1094,-0.028902
12490,20990,19431231,173.00000,445,0.045317,1042,0.045317
12490,20990,19431130,165.50000,33,-0.031884,1042,-0.040580
12490,20990,19431030,-172.50000,24,-0.010043,1042,-0.010043
12490,20990,19430930,-174.25000,22,0.019006,1042,0.019006
12490,20990,19430831,-171.00000,20,0.032934,1042,0.023952
12490,20990,19430731,-167.00000,14,-0.014749,1042,-0.014749
12490,20990,19430630,-169.50000,28,0.008929,1042,0.008929
12490,20990,19430529,-168.00000,34,0.049536,1042,0.040248
12490,20990,19430430,-161.50000,37,0.006231,1042,0.006231
12490,20990,19430331,160.50000,57,0.042208,1042,0.042208
12490,20990,19430227,-154.00000,24,0.011382,1042,0.001626
12490,20990,19430130,-153.75000,27,0.079849,1042,0.079849
12490,20990,19421231,149.50000,48,0.020270,992,0.010135
12490,20990,19421130,148.00000,27,0.059034,992,0.059034
12490,20990,19421031,-139.75000,26,0.020073,992,0.020073
12490,20990,19420930,-137.00000,12,0.003623,992,-0.007246
12490,20990,19420831,-138.00000,20,0.018450,992,0.018450
12490,20990,19420731,135.50000,39,0.028463,992,0.028463
12490,20990,19420630,-131.75000,42,0.105236,992,0.092794
12490,20990,19420529,-120.56250,22,0.039332,992,0.039332
12490,20990,19420430,116.00000,30,-0.008547,992,-0.008547
12490,20990,19420331,117.00000,29,-0.036585,992,-0.048780
12490,20990,19420228,123.00000,28,-0.037182,992,-0.037182
12490,20990,19420131,-127.75000,52,-0.111672,992,-0.111672
12490,20990,19411231,151.00000,79,-0.016129,945,-0.025806
12490,20990,19411129,155.00000,33,0.003236,945,0.003236
12490,20990,19411031,154.50000,17,-0.031348,945,-0.031348
12490,20990,19410930,-159.50000,21,0.025478,945,0.015924
12490,20990,19410830,-157.00000,13,-0.007115,945,-0.007115
12490,20990,19410731,-158.12500,31,0.025953,945,0.025953
12490,20990,19410630,-154.12500,30,0.034913,945,0.024938
12490,20990,19410531,-150.37500,21,0.066489,945,0.066489
12490,20990,19410430,141.00000,29,-0.081807,945,-0.081807
12490,20990,19410331,-153.56250,27,0.033750,945,0.023750
12490,20990,19410228,150.00000,40,-0.014778,945,-0.014778
12490,20990,19410131,152.25000,31,0.000704,945,0.000704
12490,20990,19401231,159.75000,33,0.017350,900,0.007886
12490,20990,19401130,158.50000,39,0.006349,900,0.006349
12490,20990,19401031,157.50000,37,0.017771,900,0.017771
12490,20990,19400930,-154.75000,38,0.094571,900,0.084063
12490,20990,19400831,142.75000,23,0.005282,900,0.005282
12490,20990,19400731,142.00000,25,0.025271,900,0.025271
12490,20990,19400629,-138.50000,52,-0.047619,900,-0.057823
12490,20990,19400531,147.00000,96,-0.161796,900,-0.161796
12490,20990,19400430,-175.37500,51,-0.013361,900,-0.013361
12490,20990,19400330,177.75000,26,-0.006794,900,-0.015106
12490,20990,19400229,189.50000,16,0.051318,857,0.051318
12490,20990,19400131,-180.25000,36,-0.028956,857,-0.028956
12490,20990,19391230,185.62500,45,0.039583,857,0.031250
12490,20990,19391130,180.00000,34,0.000000,857,0.000000
12490,20990,19391031,180.00000,54,0.087613,857,0.087613
12490,20990,19390930,165.50000,69,-0.014749,857,-0.023599
12490,20990,19390831,-169.50000,41,-0.093583,857,-0.093583
12490,20990,19390731,187.00000,31,0.068571,857,0.068571
12490,20990,19390630,175.00000,51,-0.003529,857,-0.011997
12490,20990,19390531,-177.12500,35,0.070242,857,0.070242
12490,20990,19390429,-165.50000,51,-0.014881,857,-0.014881
12490,20990,19390331,168.00000,54,-0.034057,857,-0.042605
12490,20990,19390228,184.25000,26,0.037298,816,0.037298
12490,20990,19390131,177.62500,32,-0.039865,816,-0.039865
12490,20990,19381231,185.00000,115,0.059659,816,0.051136
12490,20990,19381130,176.00000,66,0.008596,816,0.008596
12490,20990,19381031,-174.50000,55,0.070552,816,0.070552
12490,20990,19380930,163.00000,42,0.012308,816,0.003077
12490,20990,19380831,-162.50000,47,-0.006116,816,-0.006116
12490,20990,19380730,163.50000,86,0.065147,816,0.065147
12490,20990,19380630,153.50000,84,0.095406,816,0.084806
12490,20990,19380531,-141.50000,31,0.017986,816,0.017986
12490,20990,19380430,139.00000,48,0.069231,816,0.069231
12490,20990,19380331,130.00000,57,-0.100489,816,-0.110749
12490,20990,19380228,-153.50000,30,0.047782,777,0.047782
12490,20990,19380131,146.50000,40,0.071298,777,0.071298
12490,20990,19371231,-136.75000,42,0.047348,777,0.035985
12490,20990,19371130,132.00000,53,-0.076923,777,-0.076923
12490,20990,19371030,143.00000,83,-0.022222,777,-0.022222
12490,20990,19370930,146.25000,53,-0.015000,777,-0.025000
12490,20990,19370831,150.00000,30,-0.065421,777,-0.065421
12490,20990,19370731,-160.50000,53,0.070000,777,0.070000
12490,20990,19370630,150.00000,46,0.003311,777,-0.006623
12490,20990,19370528,151.00000,49,-0.070769,777,-0.070769
12490,20990,19370430,-162.50000,40,0.016419,777,0.016419
12490,20990,19370331,159.87500,63,-0.045387,777,-0.054261
12490,20990,19370227,177.50000,42,-0.015939,740,-0.015939
12490,20990,19370130,-180.37500,45,-0.044371,740,-0.044371
12490,20990,19361231,-188.75000,36,-0.001312,740,-0.009186
12490,20990,19361130,190.50000,120,0.114035,740,0.114035
12490,20990,19361031,171.00000,39,0.002565,740,0.002565
12490,20990,19360930,-170.56250,40,0.024182,740,0.015253
12490,20990,19360831,168.00000,53,0.022831,740,0.022831
12490,20990,19360731,164.25000,51,-0.045058,740,-0.045058
12490,20990,19360630,172.00000,23,0.045181,740,0.036145
12490,20990,19360529,-166.00000,37,0.024691,740,0.024691
12490,20990,19360430,162.00000,66,-0.092437,740,-0.092437
12490,20990,19360331,178.50000,75,0.034483,740,0.025862
12490,20990,19360229,174.00000,91,-0.047880,740,-0.047880
12490,20990,19360131,182.75000,57,0.024527,740,0.024527
12490,20990,19351231,-178.37500,71,0.014938,740,0.006719
12490,20990,19351130,182.50000,68,0.012483,718,0.012483
12490,20990,19351031,180.25000,95,0.014065,718,0.014065
12490,20990,19350930,-177.75000,67,-0.013755,718,-0.022008
12490,20990,19350831,-181.75000,38,-0.006831,718,-0.006831
12490,20990,19350731,183.00000,44,0.033898,718,0.033898
12490,20990,19350629,177.00000,76,0.034783,718,0.026087
12490,20990,19350531,-172.50000,92,-0.008621,718,-0.008621
12490,20990,19350430,-174.00000,118,0.093480,718,0.093480
12490,20990,19350330,-159.12500,57,0.010220,718,0.000786
12490,20990,19350228,159.00000,42,0.049505,718,0.049505
12490,20990,19350131,-151.50000,80,-0.006557,718,-0.006557
12490,20990,19341231,152.50000,112,0.016505,718,0.006796
12490,20990,19341130,154.50000,124,0.111511,704,0.111511
12490,20990,19341031,-139.00000,110,-0.014184,704,-0.014184
12490,20990,19340929,141.00000,42,0.036364,704,0.025455
12490,20990,19340831,-137.50000,34,0.029963,704,0.029963
12490,20990,19340731,-133.50000,46,-0.043868,704,-0.043868
12490,20990,19340630,-139.62500,57,0.057116,704,0.045880
12490,20990,19340531,-133.50000,39,-0.066434,704,-0.066434
12490,20990,19340430,143.00000,32,0.075188,704,0.075188
12490,20990,19340331,133.00000,42,-0.065972,704,-0.076389
12490,20990,19340228,144.00000,72,-0.020408,704,-0.020408
12490,20990,19340131,147.00000,85,0.029772,704,0.029772
12490,20990,19331230,142.75000,95,-0.011986,704,-0.022260
12490,20990,19331129,-146.00000,71,0.124158,704,0.124158
12490,20990,19331031,129.87500,101,-0.016098,704,-0.016098
12490,20990,19330930,132.00000,89,-0.094915,704,-0.105085
12490,20990,19330831,-147.50000,56,0.061151,704,0.061151
12490,20990,19330731,139.00000,174,0.029630,704,0.029630
12490,20990,19330630,135.00000,244,0.137500,704,0.125000
12490,20990,19330531,120.00000,254,0.081081,704,0.081081
12490,20990,19330429,111.00000,228,0.470588,704,0.450980
12490,20990,19330331,,132,,704,
12490,20990,19330228,76.50000,165,-0.167347,704,-0.167347
12490,20990,19330131,91.87500,142,0.020833,704,0.020833
12490,20990,19321231,-90.00000,422,0.145540,704,0.126761
12490,20990,19321130,79.87500,259,-0.097458,704,-0.097458
12490,20990,19321031,88.50000,170,-0.132353,704,-0.132353
12490,20990,19320930,102.00000,232,0.024752,704,0.009901
12490,20990,19320831,101.00000,588,0.351171,704,0.351171
12490,20990,19320730,74.75000,619,0.200803,704,0.200803
12490,20990,19320630,62.25000,350,-0.048507,704,-0.070896
12490,20990,19320531,67.00000,456,-0.162500,704,-0.162500
12490,20990,19320430,80.00000,640,-0.166667,704,-0.166667
12490,20990,19320331,96.00000,340,-0.042945,704,-0.057669
12490,20990,19320229,101.87500,475,0.023869,704,0.023869
12490,20990,19320130,99.50000,348,-0.045564,704,-0.045564
12490,20990,19311231,104.25000,394,-0.074687,704,-0.087812
12490,20990,19311130,120.00000,305,-0.016393,670,-0.016393
12490,20990,19311031,122.00000,375,0.114155,670,0.114155
12490,20990,19310930,109.50000,292,-0.229167,670,-0.239583
12490,20990,19310831,144.00000,81,0.070632,670,0.070632
12490,20990,19310731,134.50000,118,-0.091216,670,-0.091216
12490,20990,19310630,148.00000,278,0.191235,670,0.179283
12490,20990,19310529,125.50000,298,-0.211931,670,-0.211931
12490,20990,19310430,159.25000,169,-0.023006,670,-0.023006
12490,20990,19310331,-163.00000,93,-0.049133,670,-0.057803
12490,20990,19310228,173.00000,178,0.125203,670,0.125203
12490,20990,19310131,-153.75000,82,0.025000,670,0.025000
12490,20990,19301231,150.00000,216,0.089555,670,0.078767
12490,20990,19301129,146.00000,251,0.022767,638,0.022767
12490,20990,19301031,142.75000,358,-0.097946,638,-0.097946
12490,20990,19300930,158.25000,206,-0.112500,638,-0.120833
12490,20990,19300829,180.00000,141,0.040462,638,0.040462
12490,20990,19300731,173.00000,137,0.000000,638,0.000000
12490,20990,19300630,173.00000,301,-0.105128,638,-0.112821
12490,20990,19300529,195.00000,215,0.075862,638,0.075862
12490,20990,19300430,181.25000,141,-0.004121,638,-0.004121
12490,20990,19300331,182.00000,167,0.049321,638,0.040743
12490,20990,19300228,174.87500,156,0.067939,638,0.067939
12490,20990,19300131,163.75000,42,0.010802,638,0.010802
12490,20990,19291231,162.00000,164,0.194261,638,0.183304
12490,20990,19291127,143.75000,303,-0.222973,608,-0.222973
12490,20990,19291031,185.00000,316,-0.189041,608,-0.189041
12490,20990,19290930,228.12500,119,-0.048237,608,-0.053423
12490,20990,19290830,241.00000,125,0.034335,608,0.034335
12490,20990,19290731,233.00000,181,0.109524,608,0.109524
12490,20990,19290629,210.00000,234,0.188467,608,0.181435
12490,20990,19290531,177.75000,272,-0.011814,608,-0.011814
12490,20990,19290430,179.87500,343,0.124219,608,0.124219
12490,20990,19290328,160.00000,203,0.001553,608,-0.006211
12490,20990,19290228,161.00000,404,0.053148,608,0.053148
12490,20990,19290131,152.87500,262,-0.020032,608,-0.020032
12490,20990,19281231,156.00000,284,0.031953,608,0.023750
12490,20990,19281130,160.00000,692,0.105354,579,0.105354
12490,20990,19281031,144.75000,505,0.035778,579,0.035778
12490,20990,19280929,139.75000,390,0.078394,579,0.068834
12490,20990,19280831,130.75000,262,0.071721,579,0.071721
12490,20990,19280731,-122.00000,85,-0.010142,579,-0.010142
12490,20990,19280630,-123.25000,252,-0.004000,579,-0.014000
12490,20990,19280531,125.00000,339,-0.015748,579,-0.015748
12490,20990,19280430,127.00000,180,-0.006843,579,-0.006843
12490,20990,19280331,127.87500,394,0.004864,579,-0.004864
12490,20990,19280229,128.50000,845,0.028000,579,0.028000
12490,20990,19280131,125.00000,507,0.041667,579,0.041667
12490,20990,19271231,120.00000,633,0.218593,579,0.206030
12490,20990,19271130,99.50000,652,0.090411,579,0.090411
12490,20990,19271031,91.25000,298,-0.008152,579,-0.008152
12490,20990,19270930,92.00000,261,0.019178,579,0.008219
12490,20990,19270831,91.25000,327,0.119632,579,0.119632
12490,20990,19270730,,419,,579,
12490,20990,19270630,-81.50000,296,-0.048991,579,-0.060519
12490,20990,19270531,86.75000,568,0.149007,579,0.149007
12490,20990,19270430,75.50000,871,0.078571,579,0.078571
12490,20990,19270331,70.00000,679,0.183333,579,0.166667
12490,20990,19270228,60.00000,476,0.081081,579,0.081081
12490,20990,19270131,55.50000,208,0.023041,579,0.023041
12490,20990,19261231,54.25000,358,0.030303,579,0.011655
12490,20990,19261130,53.62500,336,0.031250,579,0.031250
12490,20990,19261030,52.00000,499,0.032258,579,0.032258
12490,20990,19260930,50.37500,323,0.065104,579,0.049479
12490,20990,19260831,48.00000,92,0.000000,579,0.000000
12490,20990,19260731,48.00000,275,0.000000,579,0.000000
12490,20990,19260630,48.00000,246,0.068493,579,0.052055
12490,20990,19260528,45.62500,191,0.036932,579,0.036932
12490,20990,19260430,44.00000,223,0.089783,579,0.089783
12490,20990,19260331,40.37500,502,-0.115591,579,-0.131720
12490,20990,19260227,139.50000,297,-0.024476,193,-0.024476
12490,20990,19260130,143.00000,191,-0.010381,193,-0.010381
12490,20990,19251231,144.50000,,C,193,C
14593,7,20111230,405.00000,2327054,0.059655,929409,0.059655
14593,7,20111130,382.20001,3300869,-0.055783,929409,-0.055783
14593,7,20111031,404.78000,4844030,0.061523,929409,0.061523
14593,7,20110930,381.32001,4428460,-0.009121,929277,-0.009121
14593,7,20110831,384.82999,5981498,-0.014469,927091,-0.014469
14593,7,20110729,390.48001,3929412,0.163285,927091,0.163285
14593,7,20110630,335.67001,3449685,-0.034960,926904,-0.034960
14593,7,20110531,347.82999,2580262,-0.006569,924755,-0.006569
14593,7,20110429,350.13000,3437440,0.004656,924755,0.004656
14593,7,20110331,348.50751,4253054,-0.013314,924674,-0.013314
14593,7,20110228,353.20999,3459849,0.040935,921278,0.040935
14593,7,20110131,339.32001,4017673,0.051959,921278,0.051959
14593,7,20101231,322.56000,2580173,0.036670,921035,0.036670
14593,7,20101130,311.14999,3525278,0.033790,917307,0.033790
14593,7,20101029,300.98001,4529149,0.060723,917307,0.060723
14593,7,20100930,283.75000,4387687,0.167215,915970,0.167215
14593,7,20100831,243.10001,3554056,-0.055005,913563,-0.055005
14593,7,20100730,257.25000,5775158,0.022741,913563,0.022741
14593,7,20100630,251.53000,6132684,-0.020827,913482,-0.020827
14593,7,20100528,256.88000,6656423,-0.016125,909938,-0.016125
14593,7,20100430,261.09000,4539345,0.111021,909938,0.111021
14593,7,20100331,235.00000,4451058,0.148470,909636,0.148470
14593,7,20100226,204.62000,3948388,0.065380,906795,0.065380
14593,7,20100129,192.06300,5575899,-0.088591,906795,-0.088591
14593,7,20091231,210.73199,4186200,0.054134,906282,0.054134
14593,7,20091130,199.91000,3116096,0.060531,900678,0.060531
14593,7,20091030,188.50000,4763374,0.016995,900678,0.016995
14593,7,20090930,185.35001,3687867,0.101896,899806,0.101896
14593,7,20090831,168.21001,3010562,0.029500,895817,0.029500
14593,7,20090731,163.39000,4003812,0.147160,895817,0.147160
14593,7,20090630,142.42999,4639900,0.048745,895735,0.048745
14593,7,20090529,135.81000,3465709,0.079313,892110,0.079313
14593,7,20090430,125.83000,4340566,0.197013,892110,0.197013
14593,7,20090331,105.12000,5728764,0.177024,892110,0.177024
14593,7,20090227,89.31000,5153913,-0.009098,890554,-0.009098
14593,7,20090130,90.13000,6527919,0.056005,890554,0.056005
14593,7,20081231,85.35000,7285237,-0.078990,890415,-0.078990
14593,7,20081128,92.67000,8441033,-0.138675,888935,-0.138675
14593,7,20081031,107.59000,14799055,-0.053405,888935,-0.053405
14593,7,20080930,113.66000,8597382,-0.329558,888326,-0.329558
14593,7,20080829,169.53000,4674638,0.066562,885876,0.066562
14593,7,20080731,158.95000,7055404,-0.050705,885876,-0.050705
14593,7,20080630,167.44000,6959619,-0.112901,885747,-0.112901
14593,7,20080530,188.75000,6641516,0.085082,881623,0.085082
14593,7,20080430,173.95000,8147836,0.212195,881623,0.212195
14593,7,20080331,143.50000,8196283,0.147816,881431,0.147816
14593,7,20080229,125.02000,8881250,-0.076389,878876,-0.076389
14593,7,20080131,135.36000,12571229,-0.316640,878876,-0.316640
14593,7,20071231,198.08000,6166526,0.087038,878629,0.087038
14593,7,20071130,182.22000,9362944,-0.040695,875540,-0.040695
14593,7,20071031,189.95000,8322211,0.237701,869641,0.237701
14593,7,20070928,153.47000,7481420,0.108247,869641,0.108247
14593,7,20070831,138.48000,8708524,0.051002,869641,0.051002
14593,7,20070731,131.75999,8638940,0.079646,869641,0.079646
14593,7,20070629,122.04000,8340732,0.007005,869162,0.007005
14593,7,20070531,121.19100,6124188,0.214339,864948,0.214339
14593,7,20070430,99.80000,4835614,0.074158,864948,0.074158
14593,7,20070330,92.91000,5696711,0.098097,864693,0.098097
14593,7,20070228,84.61000,4911382,-0.013064,861875,-0.013064
14593,7,20070131,85.73000,9784726,0.010490,861875,0.010490
14593,7,20061229,84.84000,6061023,-0.074405,860220,-0.074405
14593,7,20061130,91.66000,4950261,0.130488,859202,0.130488
14593,7,20061031,81.08000,5151339,0.053261,855263,0.053261
14593,7,20060929,76.98000,6345378,0.134562,855263,0.134562
14593,7,20060831,67.85000,6404040,-0.001619,852988,-0.001619
14593,7,20060731,67.96000,6257581,0.186660,852988,0.186660
14593,7,20060630,57.27000,6427022,-0.041827,852988,-0.041827
14593,7,20060531,59.77000,5588073,-0.150874,850508,-0.150874
14593,7,20060428,70.39000,7201507,0.122290,850508,0.122290
14593,7,20060331,62.72000,8301446,-0.084246,849188,-0.084246
14593,7,20060228,68.49000,6719170,-0.092968,849656,-0.092968
14593,7,20060131,75.51000,7857118,0.050355,848612,0.050355
14593,7,20051230,71.89000,4699521,0.060012,845617,0.060012
14593,7,20051130,67.82000,4836031,0.177635,842768,0.177635
14593,7,20051031,57.59000,6701524,0.074240,839777,0.074240
14593,7,20050930,53.61000,4436413,0.143314,835019,0.143314
14593,7,20050831,46.89000,3404997,0.099414,829829,0.099414
14593,7,20050729,42.65000,3668736,0.158653,829829,0.158653
14593,7,20050630,36.81000,4108637,-0.074179,827981,-0.074179
14593,7,20050531,39.75930,4634280,0.102587,823934,0.102587
14593,7,20050429,36.06000,6977839,-0.134629,823934,-0.134629
14593,7,20050331,41.67000,5282698,-0.071110,823137,-0.071110
14593,7,20050228,44.86000,3963516,0.166710,817172,0.166710
14593,7,20050131,76.90000,4597442,0.194099,408586,0.194099
14593,7,20041231,64.40000,2883794,-0.039523,404549,-0.039523
14593,7,20041130,67.05000,3131989,0.279580,402058,0.279580
14593,7,20041029,52.40000,2897588,0.352258,391444,0.352258
14593,7,20040930,38.75000,1383267,0.123514,391444,0.123514
14593,7,20040831,34.49000,1441029,0.066481,387925,0.066481
14593,7,20040730,32.34000,1735927,-0.006146,387925,-0.006146
14593,7,20040630,32.54000,1495740,0.159658,385192,0.159658
14593,7,20040528,28.06000,955343,0.088441,380042,0.088441
14593,7,20040430,25.78000,1608652,-0.046598,380042,-0.046598
14593,7,20040331,27.04000,2096222,0.130435,372855,0.130435
14593,7,20040227,23.92000,886704,0.060284,369730,0.060284
14593,7,20040130,22.56000,1429631,0.055685,369730,0.055685
14593,7,20031231,21.37000,991646,0.021999,368761,0.021999
14593,7,20031128,20.91000,900371,-0.086501,367491,-0.086501
14593,7,20031031,22.89000,1275898,0.104730,367491,0.104730
14593,7,20030930,20.72000,1003922,-0.083591,366727,-0.083591
14593,7,20030829,22.61000,783987,0.072581,362501,0.072581
14593,7,20030731,21.08000,952791,0.105981,366993,0.105981
14593,7,20030630,19.06000,1122095,0.061838,366993,0.061838
14593,7,20030530,17.95000,1948896,0.262307,365611,0.262307
14593,7,20030430,14.22000,1405101,0.005658,365545,0.005658
14593,7,20030331,14.14000,728083,-0.057961,365545,-0.057961
14593,7,20030228,15.01000,751511,0.045265,360479,0.045265
14593,7,20030131,14.36000,1105253,0.002093,360479,0.002093
14593,7,20021231,14.33000,836884,-0.075484,360257,-0.075484
14593,7,20021129,15.50000,828173,-0.035470,359008,-0.035470
14593,7,20021031,16.07000,1212989,0.108276,359008,0.108276
14593,7,20020930,14.50000,971961,-0.016949,358959,-0.016949
14593,7,20020830,14.75000,939140,-0.033421,358886,-0.033421
14593,7,20020731,15.26000,1475958,-0.138826,358886,-0.138826
14593,7,20020628,17.72000,1581621,-0.239485,358855,-0.239485
14593,7,20020531,23.30000,1093273,-0.039967,355700,-0.039967
14593,7,20020430,24.27000,1169937,0.025349,354085,0.025349
14593,7,20020328,23.67000,965162,0.090783,354085,0.090783
14593,7,20020228,21.70000,1417603,-0.122168,353383,-0.122168
14593,7,20020131,24.72000,1536920,0.128767,353250,0.128767
14593,7,20011231,21.90000,842437,0.028169,352459,0.028169
14593,7,20011130,21.30000,966407,0.212984,351116,0.212984
14593,7,20011031,17.56000,1359892,0.132173,351116,0.132173
14593,7,20010928,15.51000,1001087,-0.163881,350922,-0.163881
14593,7,20010831,18.55000,928310,-0.012773,350812,-0.012773
14593,7,20010731,18.79000,1560331,-0.191828,350474,-0.191828
14593,7,20010629,23.25000,1395436,0.165413,350474,0.165413
14593,7,20010531,19.95000,1355710,-0.217340,349023,-0.217340
14593,7,20010430,25.49000,2023776,0.154961,346541,0.154961
14593,7,20010330,22.07000,1954544,0.209315,346541,0.209315
14593,7,20010228,18.25000,1276903,-0.156069,346069,-0.156069
14593,7,20010131,21.62500,2482727,0.453782,346029,0.453782
14593,7,20001229,14.87500,1623201,-0.098485,345307,-0.098485
14593,7,20001130,16.50000,1538611,-0.156550,335766,-0.156550
14593,7,20001031,19.56250,3952967,-0.240291,335766,-0.240291
14593,7,20000929,25.75000,2628181,-0.577436,335677,-0.577436
14593,7,20000831,60.93750,1018033,0.199262,324969,0.199262
14593,7,20000731,50.81250,1042376,-0.029833,324969,-0.029833
14593,7,20000630,52.37500,947432,0.247024,324826,0.247024
14593,7,20000531,84.00000,886685,-0.322922,162744,-0.322922
14593,7,20000428,124.06250,783345,-0.086516,162680,-0.086516
14593,7,20000331,135.81250,788460,0.184842,162680,0.184842
14593,7,20000229,114.62500,663553,0.104819,161159,0.104819
14593,7,20000131,103.75000,1140611,0.009119,161159,0.009119
14593,7,19991231,102.81250,854911,0.050447,161159,0.050447
14593,7,19991130,97.87500,782062,0.221529,161159,0.221529
14593,7,19991029,80.12500,1303764,0.265548,161159,0.265548
14593,7,19990930,63.31250,1708196,-0.029693,161159,-0.029693
14593,7,19990831,65.25000,833230,0.171717,136417,0.171717
14593,7,19990730,55.68750,1031490,0.202429,136417,0.202429
14593,7,19990630,46.31250,630524,0.051064,136417,0.051064
14593,7,19990528,44.06250,803908,-0.042120,136417,-0.042120
14593,7,19990430,46.00000,1430498,0.280000,136417,0.280000
14593,7,19990331,35.93750,901061,0.032316,136417,0.032316
14593,7,19990226,34.81250,731928,-0.154780,136417,-0.154780
14593,7,19990129,41.18750,1374241,0.006107,136417,0.006107
14593,7,19981231,40.93750,1182772,0.281800,136417,0.281800
14593,7,19981130,31.93750,913084,-0.139731,135638,-0.139731
14593,7,19981030,37.12500,1165413,-0.026230,135638,-0.026230
14593,7,19980930,38.12500,735022,0.222445,135638,0.222445
14593,7,19980831,31.18750,1188187,-0.099278,134639,-0.099278
14593,7,19980731,34.62500,983949,0.206972,134639,0.206972
14593,7,19980630,28.68750,351004,0.077465,134639,0.077465
14593,7,19980529,26.62500,611127,-0.027397,133041,-0.027397
14593,7,19980430,27.37500,727173,-0.004545,133041,-0.004545
14593,7,19980331,27.50000,954971,0.164021,133041,0.164021
14593,7,19980227,23.62500,661950,0.290102,128019,0.290102
14593,7,19980130,18.31250,919585,0.395238,128019,0.395238
14593,7,19971231,13.12500,465373,-0.260563,128019,-0.260563
14593,7,19971128,17.75000,499530,0.042202,128019,0.042202
14593,7,19971031,17.03125,584747,-0.214697,128019,-0.214697
14593,7,19970930,21.68750,326524,-0.002874,127949,-0.002874
14593,7,19970829,21.75000,1589139,0.242857,126559,0.242857
14593,7,19970731,17.50000,610191,0.228070,126559,0.228070
14593,7,19970630,14.25000,235654,-0.142857,126559,-0.142857
14593,7,19970530,16.62500,207192,-0.022059,126425,-0.022059
14593,7,19970430,17.00000,343446,-0.068493,126425,-0.068493
14593,7,19970331,18.25000,406385,0.123077,126425,0.123077
14593,7,19970228,16.25000,412190,-0.022556,124585,-0.022556
14593,7,19970131,16.62500,815634,-0.203593,124585,-0.203593
14593,7,19961231,20.87500,374065,-0.134715,124585,-0.134715
14593,7,19961129,24.12500,232618,0.048913,124497,0.048913
14593,7,19961031,23.00000,522154,0.036620,124497,0.036620
14593,7,19960930,22.18750,291279,-0.085052,124497,-0.085052
14593,7,19960830,24.25000,288377,0.102273,123785,0.102273
14593,7,19960731,22.00000,430999,0.047619,123785,0.047619
14593,7,19960628,21.00000,431810,-0.196172,123785,-0.196172
14593,7,19960531,26.12500,325040,0.071795,123685,0.071795
14593,7,19960430,24.37500,259810,-0.007634,123685,-0.007634
14593,7,19960329,24.56250,302749,-0.106818,123685,-0.106818
14593,7,19960229,27.50000,418894,-0.004525,123118,-0.004525
14593,7,19960131,27.62500,924413,-0.133333,123118,-0.133333
14593,7,19951229,31.87500,589006,-0.163934,123118,-0.163934
14593,7,19951130,38.12500,436495,0.053219,122922,0.049914
14593,7,19951031,36.31250,582913,-0.025168,122922,-0.025168
14593,7,19950929,37.25000,656700,-0.133721,122922,-0.133721
14593,7,19950831,43.00000,474746,-0.041778,121905,-0.044444
14593,7,19950731,45.00000,513663,-0.030956,121905,-0.030956
14593,7,19950630,46.43750,497977,0.117293,121905,0.117293
14593,7,19950531,41.56250,572501,0.089739,121158,0.086601
14593,7,19950428,38.25000,510602,0.085106,121093,0.085106
14593,7,19950331,35.25000,628787,-0.107595,121093,-0.107595
14593,7,19950228,39.50000,474486,-0.018700,119890,-0.021672
14593,7,19950131,40.37500,733263,0.035256,119890,0.035256
14593,7,19941230,39.00000,340700,0.046980,119890,0.046980
14593,7,19941130,37.25000,362932,-0.134703,119543,-0.137482
14593,7,19941031,43.18750,692289,0.282004,119543,0.282004
14593,7,19940930,33.68750,289599,-0.069085,119543,-0.069085
14593,7,19940831,36.18750,411259,0.077774,118333,0.074212
14593,7,19940729,33.68750,434017,0.271226,118333,0.271226
14593,7,19940630,26.50000,420207,-0.094017,118140,-0.094017
14593,7,19940531,29.25000,301191,-0.021000,118140,-0.025000
14593,7,19940429,30.00000,362298,-0.097744,118140,-0.097744
14593,7,19940331,33.25000,471212,-0.089041,118140,-0.089041
14593,7,19940228,36.50000,384849,0.118168,116495,0.114504
14593,7,19940131,32.75000,656662,0.119658,116495,0.119658
14593,7,19931231,29.25000,354768,-0.071429,116495,-0.071429
14593,7,19931130,31.50000,310284,0.028293,116147,0.024390
14593,7,19931029,30.75000,533135,0.315508,116147,0.315508
14593,7,19930930,23.37500,329194,-0.117925,116147,-0.117925
14593,7,19930831,26.50000,329900,-0.040721,115614,-0.045045
14593,7,19930730,27.75000,645487,-0.297468,115614,-0.297468
14593,7,19930630,39.50000,690504,-0.302428,115614,-0.302428
14593,7,19930528,56.62500,286725,0.107220,116595,0.104878
14593,7,19930430,51.25000,352314,-0.004854,116595,-0.004854
14593,7,19930331,51.50000,328425,-0.028302,116595,-0.028302
14593,7,19930226,53.00000,417612,-0.107227,117841,-0.109244
14593,7,19930129,59.50000,498347,-0.004184,117841,-0.004184
14593,7,19921231,59.75000,298575,0.039130,117841,0.039130
14593,7,19921130,57.50000,281858,0.097524,118586,0.095238
14593,7,19921030,52.50000,318805,0.163435,118586,0.163435
14593,7,19920930,45.12500,274002,-0.019022,118586,-0.019022
14593,7,19920831,46.00000,246566,-0.013476,118586,-0.016043
14593,7,19920731,46.75000,338066,-0.026042,118586,-0.026042
14593,7,19920630,48.00000,435839,-0.194644,118586,-0.196653
14593,7,19920529,59.75000,243130,-0.006237,120164,-0.006237
14593,7,19920430,60.12500,352319,0.032189,120164,0.032189
14593,7,19920331,58.25000,267505,-0.137037,120164,-0.137037
14593,7,19920228,67.50000,225925,0.044324,118490,0.042471
14593,7,19920131,64.75000,422521,0.148559,118490,0.148559
14593,7,19911231,56.37500,233173,0.110837,118490,0.110837
14593,7,19911129,50.75000,330407,-0.012233,118386,-0.014563
14593,7,19911031,51.50000,336969,0.040404,118386,0.040404
14593,7,19910930,49.50000,214072,-0.066038,118386,-0.066038
14593,7,19910830,53.00000,374224,0.148541,117490,0.145946
14593,7,19910731,46.25000,341891,0.114458,117490,0.114458
14593,7,19910628,41.50000,367736,-0.117021,117490,-0.117021
14593,7,19910531,47.00000,716648,-0.143273,118956,-0.145455
14593,7,19910430,55.00000,651938,-0.191176,118956,-0.191176
14593,7,19910328,68.00000,467151,0.187773,118956,0.187773
14593,7,19910228,57.25000,497704,0.033694,114314,0.031532
14593,7,19910131,55.50000,632794,0.290698,114314,0.290698
14593,7,19901231,43.00000,366189,0.170068,114314,0.170068
14593,7,19901130,36.75000,292530,0.199024,115359,0.195122
14593,7,19901031,30.75000,455980,0.060345,115359,0.060345
14593,7,19900928,29.00000,199767,-0.216216,115359,-0.216216
14593,7,19900831,37.00000,280335,-0.116429,119668,-0.119048
14593,7,19900731,42.00000,374560,-0.061453,119668,-0.061453
14593,7,19900629,44.75000,354654,0.084848,119668,0.084848
14593,7,19900531,41.25000,369484,0.050413,123270,0.047619
14593,7,19900430,39.37500,329653,-0.021739,123270,-0.021739
14593,7,19900330,40.25000,408127,0.183824,123270,0.183824
14593,7,19900228,34.00000,222113,0.003235,125202,0.000000
14593,7,19900131,34.00000,336189,-0.035461,125202,-0.035461
14593,7,19891229,35.25000,531548,-0.203390,125202,-0.203390
14593,7,19891130,44.25000,225723,-0.046022,126270,-0.048387
14593,7,19891031,46.50000,371132,0.044944,126270,0.044944
14593,7,19890929,44.50000,181303,0.000000,126270,0.000000
14593,7,19890831,44.50000,299952,0.122013,125572,0.119497
14593,7,19890731,39.75000,329827,-0.036364,125572,-0.036364
14593,7,19890630,41.25000,353374,-0.136126,125572,-0.136126
14593,7,19890531,47.75000,470229,0.226923,124223,0.224359
14593,7,19890428,39.00000,355865,0.094737,124223,0.094737
14593,7,19890331,35.62500,346330,-0.017241,124223,-0.017241
14593,7,19890228,36.25000,439967,-0.037086,123189,-0.039735
14593,7,19890131,37.75000,656753,-0.062112,123189,-0.062112
14593,7,19881230,40.25000,263657,0.069767,123189,0.069767
14593,7,19881130,37.62500,263001,-0.023301,122768,-0.025890
14593,7,19881031,38.62500,318559,-0.106936,122768,-0.106936
14593,7,19880930,43.25000,274126,0.084639,122768,0.084639
14593,7,19880831,39.87500,237363,-0.099606,122591,-0.101408
14593,7,19880729,44.37500,195408,-0.040541,122591,-0.040541
14593,7,19880630,46.25000,316735,0.114458,123882,0.114458
14593,7,19880531,41.50000,236161,0.014146,123882,0.012195
14593,7,19880429,41.00000,296088,0.025000,123882,0.025000
14593,7,19880331,40.00000,437391,-0.069767,123882,-0.069767
14593,7,19880229,43.00000,301994,0.038072,124178,0.036145
14593,7,19880129,41.50000,557585,-0.011905,124178,-0.011905
14593,7,19871231,42.00000,416285,0.272727,124178,0.272727
14593,7,19871130,33.00000,380147,-0.143560,126088,-0.145631
14593,7,19871030,38.62500,589891,-0.316372,126088,-0.316372
14593,7,19870930,56.50000,276546,0.046296,126088,0.046296
14593,7,19870831,54.00000,280450,0.310545,125683,0.309091
14593,7,19870731,41.25000,276759,0.018519,125683,0.018519
14593,7,19870630,40.50000,240984,0.025316,125683,0.025316
14593,7,19870529,79.00000,172638,-0.001640,64018,-0.003155
14593,7,19870430,79.25000,305512,0.228682,64018,0.228682
14593,7,19870331,64.50000,268741,-0.078571,64018,-0.078571
14593,7,19870227,70.00000,297025,0.261261,62751,0.261261
14593,7,19870130,55.50000,374413,0.370370,62751,0.370370
14593,7,19861231,40.50000,212728,0.012500,62751,0.012500
14593,7,19861128,40.00000,233787,0.155235,62628,0.155235
14593,7,19861031,34.62500,133595,0.033582,62628,0.033582
14593,7,19860930,33.50000,160892,-0.094595,62628,-0.094595
14593,7,19860829,37.00000,163105,0.184000,63923,0.184000
14593,7,19860731,31.25000,255479,-0.128920,63923,-0.128920
14593,7,19860630,35.87500,182231,-0.030405,63923,-0.030405
14593,7,19860530,37.00000,221647,0.223140,63411,0.223140
14593,7,19860430,30.25000,200372,0.070796,63411,0.070796
14593,7,19860331,28.25000,190940,0.130000,63411,0.130000
14593,7,19860228,25.00000,152717,0.081081,62289,0.081081
14593,7,19860131,23.12500,281734,0.051136,62289,0.051136
14593,7,19851231,22.00000,160525,0.093168,62289,0.093168
14593,7,19851129,20.12500,129604,0.080537,61850,0.080537
14593,7,19851031,18.62500,171958,0.182540,61850,0.182540
14593,7,19850930,15.75000,80864,0.050000,61850,0.050000
14593,7,19850830,15.00000,82263,-0.055118,61620,-0.055118
14593,7,19850731,15.87500,116678,-0.118056,61620,-0.118056
14593,7,19850628,18.00000,260009,0.035971,61620,0.035971
14593,7,19850531,17.37500,207549,-0.182353,61517,-0.182353
14593,7,19850430,21.25000,128239,-0.039548,61517,-0.039548
14593,7,19850329,22.12500,207302,-0.106061,61517,-0.106061
14593,7,19850228,24.75000,213018,-0.146552,60724,-0.146552
14593,7,19850131,29.00000,284638,-0.004292,60724,-0.004292
14593,7,19841231,29.12500,154493,0.176768,60724,0.176768
14593,7,19841130,24.75000,151057,-0.005025,60535,-0.005025
14593,7,19841031,24.87500,159245,-0.009950,60535,-0.009950
14593,7,19840928,25.12500,111767,-0.051887,60535,-0.051887
14593,7,19840831,26.50000,229905,0.039216,60117,0.039216
14593,7,19840731,25.50000,126722,-0.037736,60117,-0.037736
14593,7,19840629,26.50000,141957,-0.097872,60117,-0.097872
14593,7,19840531,29.37500,228022,-0.063745,59847,-0.063745
14593,7,19840430,31.37500,143982,0.267677,59847,0.267677
14593,7,19840330,24.75000,88356,-0.057143,59847,-0.057143
14593,7,19840229,26.25000,139154,0.060606,59410,0.060606
14593,7,19840131,24.75000,195293,0.015385,59410,0.015385
14593,7,19831230,24.37500,118958,0.196319,59410,0.196319
14593,7,19831130,20.37500,184424,-0.099448,59198,-0.099448
14593,7,19831031,22.62500,224715,-0.021622,59198,-0.021622
14593,7,19830930,23.12500,355122,-0.379195,59198,-0.379195
14593,7,19830831,37.25000,136841,0.068100,58704,0.068100
14593,7,19830729,34.87500,138850,-0.286445,58704,-0.286445
14593,7,19830630,48.87500,125759,-0.153680,58295,-0.153680
14593,7,19830531,57.75000,95100,0.143564,58295,0.143564
14593,7,19830429,50.50000,150279,0.195266,58295,0.195266
14593,7,19830331,42.25000,118930,-0.073973,58295,-0.073973
14593,7,19830228,45.62500,141785,0.116208,57648,0.116208
14593,7,19830131,40.87500,223190,0.368201,57648,0.368201
14593,7,19821231,29.87500,,-0.062745,57648,-0.062745
14593,7,19821130,31.87500,141041,0.256158,57529,0.256158
14593,7,19821029,25.37500,,0.385666,57529,0.385666
14593,7,19820930,-18.31250,,0.013841,57529,0.013841
14593,7,19820831,-18.06250,,0.331797,56743,0.331797
14593,7,19820730,-13.56250,,0.058537,56743,0.058537
14593,7,19820630,-12.81250,,-0.088889,56743,-0.088889
14593,7,19820528,-14.06250,,-0.050633,56488,-0.050633
14593,7,19820430,-14.81250,,-0.125461,56488,-0.125461
14593,7,19820331,-16.93750,,-0.075085,56488,-0.075085
14593,7,19820226,-18.31250,,-0.103976,55421,-0.103976
14593,7,19820129,-20.43750,,-0.078873,55421,-0.078873
14593,7,19811231,-22.18750,,0.187291,55421,0.187291
14593,7,19811130,-18.68750,,-0.068536,55309,-0.068536
14593,7,19811030,-20.06250,,0.310204,55309,0.310204
14593,7,19810930,-15.31250,,-0.241486,55309,-0.241486
14593,7,19810831,-20.18750,,-0.194514,55136,-0.194514
14593,7,19810731,-25.06250,,-0.038369,55136,-0.038369
14593,7,19810630,-26.06250,,-0.214689,55136,-0.214689
14593,7,19810529,-33.18750,,0.164474,55136,0.164474
14593,7,19810430,-28.50000,,0.157360,55136,0.157360
14593,7,19810331,-24.62500,,-0.075117,55136,-0.075117
14593,7,19810227,-26.62500,,-0.061674,55136,-0.061674
14593,7,19810130,-28.37500,,-0.170018,55136,-0.170018
14593,7,19801231,-34.18750,,C,55136,C
14593,7,19801128,,,,,
